account_id,account_name
A001,Sample Account 1
A002,Sample Account 2
A003,Sample Account 3
A004,Sample Account 4
A005,Sample Account 5
A006,Sample Account 6
A007,Sample Account 7
A008,Sample Account 8
A009,Sample Account 9
A010,Sample Account 10
A011,Sample Account 11
A012,Sample Account 12
A013,Sample Account 13
A014,Sample Account 14
A015,Sample Account 15
A016,Sample Account 16
A017,Sample Account 17
A018,Sample Account 18
A019,Sample Account 19
A020,Sample Account 20
A021,Sample Account 21
A022,Sample Account 22
A023,Sample Account 23
A024,Sample Account 24
A025,Sample Account 25
A026,Sample Account 26
A027,Sample Account 27
A028,Sample Account 28
A029,Sample Account 29
A030,Sample Account 30
A031,Sample Account 31
A032,Sample Account 32
A033,Sample Account 33
A034,Sample Account 34
A035,Sample Account 35
A036,Sample Account 36
A037,Sample Account 37
A038,Sample Account 38
A039,Sample Account 39
A040,Sample Account 40
