email,full_name,title,team_name,months,meeting_count,sent_email_count,received_email_count,director_meeting_count,vp_meeting_count,executive_meeting_count,in_person_meeting_count,conference_call_count,external_people_touched,pipeline_created,pipeline_created_owned,director_activity_count,vp_activity_count,executive_activity_count
rep01@sample.example,Rep 01,Account Executive,NA-US-AE,2024-10-01,7,65,48,1,1,0,2,3,11,112799,85733,2,1,0
rep01@sample.example,Rep 01,Account Executive,NA-US-AE,2024-11-01,10,64,58,2,1,0,3,5,12,165790,93706,3,2,1
rep01@sample.example,Rep 01,Account Executive,NA-US-AE,2024-12-01,4,68,54,0,0,0,1,2,13,82345,55122,1,0,0
rep01@sample.example,Rep 01,Account Executive,NA-US-AE,2025-01-01,6,55,52,1,0,0,1,3,11,170838,77155,1,1,0
rep01@sample.example,Rep 01,Account Executive,NA-US-AE,2025-02-01,8,63,44,1,1,0,2,4,17,172264,113940,2,1,0
rep01@sample.example,Rep 01,Account Executive,NA-US-AE,2025-03-01,6,52,47,1,0,0,1,3,11,175283,94968,1,1,0
rep01@sample.example,Rep 01,Account Executive,NA-US-AE,2025-04-01,7,50,45,1,1,0,2,3,15,117682,94895,2,1,0
rep01@sample.example,Rep 01,Account Executive,NA-US-AE,2025-05-01,8,45,50,1,1,0,2,4,15,69425,83568,2,1,0
rep01@sample.example,Rep 01,Account Executive,NA-US-AE,2025-06-01,7,51,53,1,1,0,2,3,11,91413,106556,2,1,0
rep01@sample.example,Rep 01,Account Executive,NA-US-AE,2025-07-01,9,69,61,1,1,0,2,4,13,154770,64016,2,1,0
rep01@sample.example,Rep 01,Account Executive,NA-US-AE,2025-08-01,9,53,46,1,1,0,2,4,8,111295,79377,2,1,0
rep01@sample.example,Rep 01,Account Executive,NA-US-AE,2025-09-01,10,39,38,2,1,0,3,5,12,207733,101569,3,2,1
rep01@sample.example,Rep 01,Account Executive,NA-US-AE,2025-10-01,4,34,52,0,0,0,1,2,9,105208,109547,1,0,0
rep01@sample.example,Rep 01,Account Executive,NA-US-AE,2025-11-01,10,61,51,2,1,0,3,5,13,213760,102380,3,2,1
rep01@sample.example,Rep 01,Account Executive,NA-US-AE,2025-12-01,9,65,37,1,1,0,2,4,15,188204,100592,2,1,0
rep01@sample.example,Rep 01,Account Executive,NA-US-AE,2026-01-01,4,53,56,0,0,0,1,2,6,142639,110390,1,0,0
rep01@sample.example,Rep 01,Account Executive,NA-US-AE,2026-02-01,5,76,54,1,0,0,1,2,11,162994,102996,1,1,0
rep01@sample.example,Rep 01,Account Executive,NA-US-AE,2026-03-01,8,71,44,1,1,0,2,4,10,191667,90535,2,1,0
rep01@sample.example,Rep 01,Account Executive,NA-US-AE,2026-04-01,6,69,61,1,0,0,1,3,10,94800,87305,1,1,0
rep01@sample.example,Rep 01,Account Executive,NA-US-AE,2026-05-01,7,57,61,1,1,0,2,3,8,200423,64633,2,1,0
rep01@sample.example,Rep 01,Account Executive,NA-US-AE,2026-06-01,6,66,59,1,0,0,1,3,14,163808,92847,1,1,0
rep01@sample.example,Rep 01,Account Executive,NA-US-AE,2026-07-01,8,65,48,1,1,0,2,4,12,172909,90016,2,1,0
rep01@sample.example,Rep 01,Account Executive,NA-US-AE,2026-08-01,9,65,66,1,1,0,2,4,12,132896,82548,2,1,0
rep01@sample.example,Rep 01,Account Executive,NA-US-AE,2026-09-01,7,69,47,1,1,0,2,3,13,223492,38706,2,1,0
rep02@sample.example,Rep 02,Account Executive,NA-US-AE,2024-10-01,8,86,53,1,1,0,2,4,17,192753,139102,2,1,0
rep02@sample.example,Rep 02,Account Executive,NA-US-AE,2024-11-01,12,78,69,2,1,0,3,6,17,194130,124011,3,2,1
rep02@sample.example,Rep 02,Account Executive,NA-US-AE,2024-12-01,11,83,28,2,1,0,3,5,15,262942,102628,3,2,1
rep02@sample.example,Rep 02,Account Executive,NA-US-AE,2025-01-01,12,93,56,2,1,0,3,6,21,160843,118932,3,2,1
rep02@sample.example,Rep 02,Account Executive,NA-US-AE,2025-02-01,11,90,58,2,1,0,3,5,8,278747,97049,3,2,1
rep02@sample.example,Rep 02,Account Executive,NA-US-AE,2025-03-01,14,69,51,2,2,0,4,7,20,235527,129822,4,2,1
rep02@sample.example,Rep 02,Account Executive,NA-US-AE,2025-04-01,14,85,49,2,2,0,4,7,21,289738,120123,4,2,1
rep02@sample.example,Rep 02,Account Executive,NA-US-AE,2025-05-01,19,72,57,3,2,0,5,9,16,259394,140100,5,3,1
rep02@sample.example,Rep 02,Account Executive,NA-US-AE,2025-06-01,14,90,37,2,2,0,4,7,12,284997,106736,4,2,1
rep02@sample.example,Rep 02,Account Executive,NA-US-AE,2025-07-01,12,69,60,2,1,0,3,6,19,325622,107245,3,2,1
rep02@sample.example,Rep 02,Account Executive,NA-US-AE,2025-08-01,14,72,56,2,2,0,4,7,21,237391,157206,4,2,1
rep02@sample.example,Rep 02,Account Executive,NA-US-AE,2025-09-01,16,82,34,3,2,0,4,8,21,275449,113943,4,3,1
rep02@sample.example,Rep 02,Account Executive,NA-US-AE,2025-10-01,16,88,61,3,2,0,4,8,13,331049,155747,4,3,1
rep02@sample.example,Rep 02,Account Executive,NA-US-AE,2025-11-01,18,82,44,3,2,0,5,9,19,296507,128483,5,3,1
rep02@sample.example,Rep 02,Account Executive,NA-US-AE,2025-12-01,18,81,31,3,2,0,5,9,15,224043,142375,5,3,1
rep02@sample.example,Rep 02,Account Executive,NA-US-AE,2026-01-01,16,77,49,3,2,0,4,8,19,307657,152530,4,3,1
rep02@sample.example,Rep 02,Account Executive,NA-US-AE,2026-02-01,16,94,61,3,2,0,4,8,21,283927,143598,4,3,1
rep02@sample.example,Rep 02,Account Executive,NA-US-AE,2026-03-01,13,73,34,2,1,0,3,6,20,267822,125744,3,2,1
rep02@sample.example,Rep 02,Account Executive,NA-US-AE,2026-04-01,16,83,45,3,2,0,4,8,17,395050,126885,4,3,1
rep02@sample.example,Rep 02,Account Executive,NA-US-AE,2026-05-01,18,94,48,3,2,0,5,9,13,307484,147471,5,3,1
rep02@sample.example,Rep 02,Account Executive,NA-US-AE,2026-06-01,14,78,58,2,2,0,4,7,19,336304,142104,4,2,1
rep02@sample.example,Rep 02,Account Executive,NA-US-AE,2026-07-01,18,72,37,3,2,0,5,9,14,379209,114689,5,3,1
rep02@sample.example,Rep 02,Account Executive,NA-US-AE,2026-08-01,16,76,37,3,2,0,4,8,16,301415,133282,4,3,1
rep02@sample.example,Rep 02,Account Executive,NA-US-AE,2026-09-01,14,87,44,2,2,0,4,7,10,383888,120489,4,2,1
rep03@sample.example,Rep 03,Account Executive,NA-US-AE,2024-10-01,9,99,52,1,1,0,2,4,20,301199,176951,2,1,0
rep03@sample.example,Rep 03,Account Executive,NA-US-AE,2024-11-01,15,111,60,3,2,0,4,7,23,288048,120320,4,3,1
rep03@sample.example,Rep 03,Account Executive,NA-US-AE,2024-12-01,16,121,47,3,2,0,4,8,20,347611,126837,4,3,1
rep03@sample.example,Rep 03,Account Executive,NA-US-AE,2025-01-01,15,132,42,3,2,0,4,7,23,345455,159595,4,3,1
rep03@sample.example,Rep 03,Account Executive,NA-US-AE,2025-02-01,15,117,42,3,2,0,4,7,21,281712,178507,4,3,1
rep03@sample.example,Rep 03,Account Executive,NA-US-AE,2025-03-01,14,106,41,2,2,0,4,7,20,305666,164034,4,2,1
rep03@sample.example,Rep 03,Account Executive,NA-US-AE,2025-04-01,12,99,71,2,1,0,3,6,25,295495,110141,3,2,1
rep03@sample.example,Rep 03,Account Executive,NA-US-AE,2025-05-01,15,112,63,3,2,0,4,7,22,267300,172448,4,3,1
rep03@sample.example,Rep 03,Account Executive,NA-US-AE,2025-06-01,10,118,52,2,1,0,3,5,19,323022,198186,3,2,1
rep03@sample.example,Rep 03,Account Executive,NA-US-AE,2025-07-01,11,101,52,2,1,0,3,5,22,254060,142515,3,2,1
rep03@sample.example,Rep 03,Account Executive,NA-US-AE,2025-08-01,18,118,40,3,2,0,5,9,17,338125,181782,5,3,1
rep03@sample.example,Rep 03,Account Executive,NA-US-AE,2025-09-01,18,116,43,3,2,0,5,9,22,183597,147037,5,3,1
rep03@sample.example,Rep 03,Account Executive,NA-US-AE,2025-10-01,14,113,44,2,2,0,4,7,21,288341,169533,4,2,1
rep03@sample.example,Rep 03,Account Executive,NA-US-AE,2025-11-01,15,110,47,3,2,0,4,7,23,271974,145478,4,3,1
rep03@sample.example,Rep 03,Account Executive,NA-US-AE,2025-12-01,13,107,49,2,1,0,3,6,22,269980,165517,3,2,1
rep03@sample.example,Rep 03,Account Executive,NA-US-AE,2026-01-01,14,95,53,2,2,0,4,7,24,287385,158215,4,2,1
rep03@sample.example,Rep 03,Account Executive,NA-US-AE,2026-02-01,15,98,34,3,2,0,4,7,21,232780,176797,4,3,1
rep03@sample.example,Rep 03,Account Executive,NA-US-AE,2026-03-01,12,81,41,2,1,0,3,6,26,254727,134611,3,2,1
rep03@sample.example,Rep 03,Account Executive,NA-US-AE,2026-04-01,12,113,53,2,1,0,3,6,22,329354,176130,3,2,1
rep03@sample.example,Rep 03,Account Executive,NA-US-AE,2026-05-01,14,113,63,2,2,0,4,7,24,310950,140343,4,2,1
rep03@sample.example,Rep 03,Account Executive,NA-US-AE,2026-06-01,14,115,47,2,2,0,4,7,24,293853,180165,4,2,1
rep03@sample.example,Rep 03,Account Executive,NA-US-AE,2026-07-01,13,133,59,2,1,0,3,6,20,273623,213904,3,2,1
rep03@sample.example,Rep 03,Account Executive,NA-US-AE,2026-08-01,13,116,57,2,1,0,3,6,21,223314,165750,3,2,1
rep03@sample.example,Rep 03,Account Executive,NA-US-AE,2026-09-01,15,119,56,3,2,0,4,7,21,304143,172796,4,3,1
rep04@sample.example,Rep 04,"Director, Sales",NA-US-AE-Director,2024-10-01,8,60,48,1,1,0,2,4,14,107831,77426,2,1,0
rep04@sample.example,Rep 04,"Director, Sales",NA-US-AE-Director,2024-11-01,8,45,46,1,1,0,2,4,5,127184,101368,2,1,0
rep04@sample.example,Rep 04,"Director, Sales",NA-US-AE-Director,2024-12-01,9,59,48,1,1,0,2,4,7,232112,100319,2,1,0
rep04@sample.example,Rep 04,"Director, Sales",NA-US-AE-Director,2025-01-01,10,51,48,2,1,0,3,5,6,194719,108702,3,2,1
rep04@sample.example,Rep 04,"Director, Sales",NA-US-AE-Director,2025-02-01,5,59,55,1,0,0,1,2,6,94982,68698,1,1,0
rep04@sample.example,Rep 04,"Director, Sales",NA-US-AE-Director,2025-03-01,7,45,50,1,1,0,2,3,12,197860,104040,2,1,0
rep04@sample.example,Rep 04,"Director, Sales",NA-US-AE-Director,2025-04-01,12,71,39,2,1,0,3,6,10,134593,68467,3,2,1
rep04@sample.example,Rep 04,"Director, Sales",NA-US-AE-Director,2025-05-01,9,60,53,1,1,0,2,4,7,131994,89537,2,1,0
rep04@sample.example,Rep 04,"Director, Sales",NA-US-AE-Director,2025-06-01,9,56,49,1,1,0,2,4,9,214050,97085,2,1,0
rep04@sample.example,Rep 04,"Director, Sales",NA-US-AE-Director,2025-07-01,9,53,48,1,1,0,2,4,3,151247,90746,2,1,0
rep04@sample.example,Rep 04,"Director, Sales",NA-US-AE-Director,2025-08-01,7,61,51,1,1,0,2,3,7,184977,83723,2,1,0
rep04@sample.example,Rep 04,"Director, Sales",NA-US-AE-Director,2025-09-01,11,66,49,2,1,0,3,5,9,193729,88691,3,2,1
rep04@sample.example,Rep 04,"Director, Sales",NA-US-AE-Director,2025-10-01,12,62,44,2,1,0,3,6,7,189075,75192,3,2,1
rep04@sample.example,Rep 04,"Director, Sales",NA-US-AE-Director,2025-11-01,8,58,46,1,1,0,2,4,12,229432,81739,2,1,0
rep04@sample.example,Rep 04,"Director, Sales",NA-US-AE-Director,2025-12-01,16,56,58,3,2,0,4,8,12,257646,42481,4,3,1
rep04@sample.example,Rep 04,"Director, Sales",NA-US-AE-Director,2026-01-01,10,62,54,2,1,0,3,5,19,230401,115596,3,2,1
rep04@sample.example,Rep 04,"Director, Sales",NA-US-AE-Director,2026-02-01,13,69,54,2,1,0,3,6,11,242365,68437,3,2,1
rep04@sample.example,Rep 04,"Director, Sales",NA-US-AE-Director,2026-03-01,14,49,51,2,2,0,4,7,18,217563,90390,4,2,1
rep04@sample.example,Rep 04,"Director, Sales",NA-US-AE-Director,2026-04-01,14,60,43,2,2,0,4,7,12,254284,104201,4,2,1
rep04@sample.example,Rep 04,"Director, Sales",NA-US-AE-Director,2026-05-01,11,77,63,2,1,0,3,5,12,246243,81429,3,2,1
rep04@sample.example,Rep 04,"Director, Sales",NA-US-AE-Director,2026-06-01,15,52,55,3,2,0,4,7,10,212239,104373,4,3,1
rep04@sample.example,Rep 04,"Director, Sales",NA-US-AE-Director,2026-07-01,15,59,44,3,2,0,4,7,14,242519,96212,4,3,1
rep04@sample.example,Rep 04,"Director, Sales",NA-US-AE-Director,2026-08-01,16,71,45,3,2,0,4,8,18,249133,105719,4,3,1
rep04@sample.example,Rep 04,"Director, Sales",NA-US-AE-Director,2026-09-01,12,59,36,2,1,0,3,6,17,308129,65693,3,2,1
rep05@sample.example,Rep 05,Account Executive,NA-US-AE,2024-10-01,8,67,59,1,1,0,2,4,15,207578,119744,2,1,0
rep05@sample.example,Rep 05,Account Executive,NA-US-AE,2024-11-01,10,73,50,2,1,0,3,5,12,207140,132174,3,2,1
rep05@sample.example,Rep 05,Account Executive,NA-US-AE,2024-12-01,12,81,42,2,1,0,3,6,17,190614,157316,3,2,1
rep05@sample.example,Rep 05,Account Executive,NA-US-AE,2025-01-01,12,82,46,2,1,0,3,6,14,172510,118941,3,2,1
rep05@sample.example,Rep 05,Account Executive,NA-US-AE,2025-02-01,11,89,54,2,1,0,3,5,23,181805,126259,3,2,1
rep05@sample.example,Rep 05,Account Executive,NA-US-AE,2025-03-01,16,65,45,3,2,0,4,8,17,216175,134157,4,3,1
rep05@sample.example,Rep 05,Account Executive,NA-US-AE,2025-04-01,10,87,50,2,1,0,3,5,19,134296,108299,3,2,1
rep05@sample.example,Rep 05,Account Executive,NA-US-AE,2025-05-01,11,73,41,2,1,0,3,5,18,184000,138698,3,2,1
rep05@sample.example,Rep 05,Account Executive,NA-US-AE,2025-06-01,12,87,54,2,1,0,3,6,16,153635,125398,3,2,1
rep05@sample.example,Rep 05,Account Executive,NA-US-AE,2025-07-01,12,78,49,2,1,0,3,6,19,174876,138800,3,2,1
rep05@sample.example,Rep 05,Account Executive,NA-US-AE,2025-08-01,14,78,51,2,2,0,4,7,16,271608,132327,4,2,1
rep05@sample.example,Rep 05,Account Executive,NA-US-AE,2025-09-01,12,77,49,2,1,0,3,6,16,138962,154816,3,2,1
rep05@sample.example,Rep 05,Account Executive,NA-US-AE,2025-10-01,12,66,55,2,1,0,3,6,16,227936,133329,3,2,1
rep05@sample.example,Rep 05,Account Executive,NA-US-AE,2025-11-01,8,81,61,1,1,0,2,4,15,169086,98808,2,1,0
rep05@sample.example,Rep 05,Account Executive,NA-US-AE,2025-12-01,8,87,63,1,1,0,2,4,18,219820,170672,2,1,0
rep05@sample.example,Rep 05,Account Executive,NA-US-AE,2026-01-01,10,77,54,2,1,0,3,5,18,169410,102600,3,2,1
rep05@sample.example,Rep 05,Account Executive,NA-US-AE,2026-02-01,11,86,39,2,1,0,3,5,16,188293,135201,3,2,1
rep05@sample.example,Rep 05,Account Executive,NA-US-AE,2026-03-01,10,83,47,2,1,0,3,5,19,265630,118660,3,2,1
rep05@sample.example,Rep 05,Account Executive,NA-US-AE,2026-04-01,12,76,50,2,1,0,3,6,19,270568,118348,3,2,1
rep05@sample.example,Rep 05,Account Executive,NA-US-AE,2026-05-01,11,85,38,2,1,0,3,5,16,182964,133429,3,2,1
rep05@sample.example,Rep 05,Account Executive,NA-US-AE,2026-06-01,8,64,50,1,1,0,2,4,17,188042,143776,2,1,0
rep05@sample.example,Rep 05,Account Executive,NA-US-AE,2026-07-01,10,77,53,2,1,0,3,5,12,182901,125584,3,2,1
rep05@sample.example,Rep 05,Account Executive,NA-US-AE,2026-08-01,12,82,52,2,1,0,3,6,14,222068,159269,3,2,1
rep05@sample.example,Rep 05,Account Executive,NA-US-AE,2026-09-01,9,107,44,1,1,0,2,4,16,216932,146486,2,1,0
rep06@sample.example,Rep 06,Account Executive,NA-US-AE,2024-10-01,11,86,54,2,1,0,3,5,23,294947,214610,3,2,1
rep06@sample.example,Rep 06,Account Executive,NA-US-AE,2024-11-01,15,110,57,3,2,0,4,7,22,344647,137234,4,3,1
rep06@sample.example,Rep 06,Account Executive,NA-US-AE,2024-12-01,14,73,56,2,2,0,4,7,20,323158,205082,4,2,1
rep06@sample.example,Rep 06,Account Executive,NA-US-AE,2025-01-01,15,105,46,3,2,0,4,7,19,269085,174785,4,3,1
rep06@sample.example,Rep 06,Account Executive,NA-US-AE,2025-02-01,16,108,48,3,2,0,4,8,24,322158,159164,4,3,1
rep06@sample.example,Rep 06,Account Executive,NA-US-AE,2025-03-01,17,106,40,3,2,0,5,8,25,329111,142854,5,3,1
rep06@sample.example,Rep 06,Account Executive,NA-US-AE,2025-04-01,19,111,37,3,2,0,5,9,26,331939,179828,5,3,1
rep06@sample.example,Rep 06,Account Executive,NA-US-AE,2025-05-01,17,106,37,3,2,0,5,8,24,327904,156269,5,3,1
rep06@sample.example,Rep 06,Account Executive,NA-US-AE,2025-06-01,18,108,55,3,2,0,5,9,20,333341,119221,5,3,1
rep06@sample.example,Rep 06,Account Executive,NA-US-AE,2025-07-01,17,114,60,3,2,0,5,8,20,338046,193669,5,3,1
rep06@sample.example,Rep 06,Account Executive,NA-US-AE,2025-08-01,18,115,63,3,2,0,5,9,21,400076,147790,5,3,1
rep06@sample.example,Rep 06,Account Executive,NA-US-AE,2025-09-01,19,107,50,3,2,0,5,9,24,454694,148690,5,3,1
rep06@sample.example,Rep 06,Account Executive,NA-US-AE,2025-10-01,18,112,41,3,2,0,5,9,23,390076,156449,5,3,1
rep06@sample.example,Rep 06,Account Executive,NA-US-AE,2025-11-01,21,92,56,4,3,1,6,10,16,347442,150876,6,4,2
rep06@sample.example,Rep 06,Account Executive,NA-US-AE,2025-12-01,19,116,50,3,2,0,5,9,20,405139,193625,5,3,1
rep06@sample.example,Rep 06,Account Executive,NA-US-AE,2026-01-01,20,111,59,4,3,1,6,10,22,340146,211805,6,4,2
rep06@sample.example,Rep 06,Account Executive,NA-US-AE,2026-02-01,25,88,49,5,3,1,7,12,22,438229,175380,7,5,2
rep06@sample.example,Rep 06,Account Executive,NA-US-AE,2026-03-01,21,97,50,4,3,1,6,10,24,364115,141456,6,4,2
rep06@sample.example,Rep 06,Account Executive,NA-US-AE,2026-04-01,22,88,47,4,3,1,6,11,20,433830,147964,6,4,2
rep06@sample.example,Rep 06,Account Executive,NA-US-AE,2026-05-01,20,104,49,4,3,1,6,10,19,424384,177004,6,4,2
rep06@sample.example,Rep 06,Account Executive,NA-US-AE,2026-06-01,25,125,43,5,3,1,7,12,20,332685,199986,7,5,2
rep06@sample.example,Rep 06,Account Executive,NA-US-AE,2026-07-01,22,107,54,4,3,1,6,11,17,458656,161472,6,4,2
rep06@sample.example,Rep 06,Account Executive,NA-US-AE,2026-08-01,20,110,59,4,3,1,6,10,15,480488,166184,6,4,2
rep06@sample.example,Rep 06,Account Executive,NA-US-AE,2026-09-01,25,112,60,5,3,1,7,12,20,491243,153801,7,5,2
rep07@sample.example,Rep 07,Account Executive,NA-US-AE,2024-10-01,9,51,49,1,1,0,2,4,17,167824,86835,2,1,0
rep07@sample.example,Rep 07,Account Executive,NA-US-AE,2024-11-01,5,52,51,1,0,0,1,2,14,167042,100482,1,1,0
rep07@sample.example,Rep 07,Account Executive,NA-US-AE,2024-12-01,7,73,46,1,1,0,2,3,10,185523,91272,2,1,0
rep07@sample.example,Rep 07,Account Executive,NA-US-AE,2025-01-01,7,54,47,1,1,0,2,3,13,164149,65807,2,1,0
rep07@sample.example,Rep 07,Account Executive,NA-US-AE,2025-02-01,8,61,41,1,1,0,2,4,14,138783,83291,2,1,0
rep07@sample.example,Rep 07,Account Executive,NA-US-AE,2025-03-01,9,73,44,1,1,0,2,4,13,114957,136285,2,1,0
rep07@sample.example,Rep 07,Account Executive,NA-US-AE,2025-04-01,7,71,44,1,1,0,2,3,14,238755,39180,2,1,0
rep07@sample.example,Rep 07,Account Executive,NA-US-AE,2025-05-01,7,65,49,1,1,0,2,3,9,236085,91590,2,1,0
rep07@sample.example,Rep 07,Account Executive,NA-US-AE,2025-06-01,4,68,36,0,0,0,1,2,15,126889,92896,1,0,0
rep07@sample.example,Rep 07,Account Executive,NA-US-AE,2025-07-01,10,61,38,2,1,0,3,5,6,197303,104808,3,2,1
rep07@sample.example,Rep 07,Account Executive,NA-US-AE,2025-08-01,6,68,53,1,0,0,1,3,13,59643,83958,1,1,0
rep07@sample.example,Rep 07,Account Executive,NA-US-AE,2025-09-01,9,67,57,1,1,0,2,4,4,156762,99843,2,1,0
rep07@sample.example,Rep 07,Account Executive,NA-US-AE,2025-10-01,13,50,47,2,1,0,3,6,12,185443,81133,3,2,1
rep07@sample.example,Rep 07,Account Executive,NA-US-AE,2025-11-01,10,52,52,2,1,0,3,5,10,156327,76183,3,2,1
rep07@sample.example,Rep 07,Account Executive,NA-US-AE,2025-12-01,4,70,52,0,0,0,1,2,10,158037,109803,1,0,0
rep07@sample.example,Rep 07,Account Executive,NA-US-AE,2026-01-01,6,58,54,1,0,0,1,3,13,136587,47860,1,1,0
rep07@sample.example,Rep 07,Account Executive,NA-US-AE,2026-02-01,10,63,50,2,1,0,3,5,11,160536,81488,3,2,1
rep07@sample.example,Rep 07,Account Executive,NA-US-AE,2026-03-01,5,52,45,1,0,0,1,2,10,103651,102726,1,1,0
rep07@sample.example,Rep 07,Account Executive,NA-US-AE,2026-04-01,5,66,41,1,0,0,1,2,13,204962,94065,1,1,0
rep07@sample.example,Rep 07,Account Executive,NA-US-AE,2026-05-01,6,60,51,1,0,0,1,3,6,125692,93260,1,1,0
rep07@sample.example,Rep 07,Account Executive,NA-US-AE,2026-06-01,7,60,55,1,1,0,2,3,14,186227,101770,2,1,0
rep07@sample.example,Rep 07,Account Executive,NA-US-AE,2026-07-01,7,59,47,1,1,0,2,3,11,142813,55505,2,1,0
rep07@sample.example,Rep 07,Account Executive,NA-US-AE,2026-08-01,7,59,42,1,1,0,2,3,11,170621,86711,2,1,0
rep07@sample.example,Rep 07,Account Executive,NA-US-AE,2026-09-01,12,33,48,2,1,0,3,6,6,189198,143082,3,2,1
rep08@sample.example,Rep 08,"Director, Sales",NA-US-AE-Director,2024-10-01,6,85,54,1,0,0,1,3,15,232065,81140,1,1,0
rep08@sample.example,Rep 08,"Director, Sales",NA-US-AE-Director,2024-11-01,13,87,50,2,1,0,3,6,15,241835,116292,3,2,1
rep08@sample.example,Rep 08,"Director, Sales",NA-US-AE-Director,2024-12-01,12,78,32,2,1,0,3,6,16,230687,141087,3,2,1
rep08@sample.example,Rep 08,"Director, Sales",NA-US-AE-Director,2025-01-01,10,83,54,2,1,0,3,5,17,278598,165833,3,2,1
rep08@sample.example,Rep 08,"Director, Sales",NA-US-AE-Director,2025-02-01,10,64,56,2,1,0,3,5,21,272092,142278,3,2,1
rep08@sample.example,Rep 08,"Director, Sales",NA-US-AE-Director,2025-03-01,11,76,57,2,1,0,3,5,14,168966,106049,3,2,1
rep08@sample.example,Rep 08,"Director, Sales",NA-US-AE-Director,2025-04-01,18,103,44,3,2,0,5,9,14,257056,111012,5,3,1
rep08@sample.example,Rep 08,"Director, Sales",NA-US-AE-Director,2025-05-01,16,83,41,3,2,0,4,8,20,230774,130425,4,3,1
rep08@sample.example,Rep 08,"Director, Sales",NA-US-AE-Director,2025-06-01,13,80,52,2,1,0,3,6,14,186620,81840,3,2,1
rep08@sample.example,Rep 08,"Director, Sales",NA-US-AE-Director,2025-07-01,11,76,49,2,1,0,3,5,16,288941,128397,3,2,1
rep08@sample.example,Rep 08,"Director, Sales",NA-US-AE-Director,2025-08-01,12,76,33,2,1,0,3,6,16,292394,136593,3,2,1
rep08@sample.example,Rep 08,"Director, Sales",NA-US-AE-Director,2025-09-01,14,82,57,2,2,0,4,7,16,308812,137650,4,2,1
rep08@sample.example,Rep 08,"Director, Sales",NA-US-AE-Director,2025-10-01,15,97,45,3,2,0,4,7,15,253280,110056,4,3,1
rep08@sample.example,Rep 08,"Director, Sales",NA-US-AE-Director,2025-11-01,18,101,50,3,2,0,5,9,18,338912,142149,5,3,1
rep08@sample.example,Rep 08,"Director, Sales",NA-US-AE-Director,2025-12-01,18,71,44,3,2,0,5,9,18,355613,128077,5,3,1
rep08@sample.example,Rep 08,"Director, Sales",NA-US-AE-Director,2026-01-01,14,80,44,2,2,0,4,7,14,364547,113487,4,2,1
rep08@sample.example,Rep 08,"Director, Sales",NA-US-AE-Director,2026-02-01,16,105,59,3,2,0,4,8,17,286324,134206,4,3,1
rep08@sample.example,Rep 08,"Director, Sales",NA-US-AE-Director,2026-03-01,20,90,60,4,3,1,6,10,17,337750,121980,6,4,2
rep08@sample.example,Rep 08,"Director, Sales",NA-US-AE-Director,2026-04-01,18,97,38,3,2,0,5,9,16,333010,114578,5,3,1
rep08@sample.example,Rep 08,"Director, Sales",NA-US-AE-Director,2026-05-01,16,91,66,3,2,0,4,8,18,342744,94971,4,3,1
rep08@sample.example,Rep 08,"Director, Sales",NA-US-AE-Director,2026-06-01,21,84,49,4,3,1,6,10,13,333726,104077,6,4,2
rep08@sample.example,Rep 08,"Director, Sales",NA-US-AE-Director,2026-07-01,18,88,50,3,2,0,5,9,17,308226,154595,5,3,1
rep08@sample.example,Rep 08,"Director, Sales",NA-US-AE-Director,2026-08-01,17,65,48,3,2,0,5,8,14,308208,118902,5,3,1
rep08@sample.example,Rep 08,"Director, Sales",NA-US-AE-Director,2026-09-01,19,72,48,3,2,0,5,9,21,382209,122960,5,3,1
rep09@sample.example,Rep 09,Account Executive,NA-US-AE,2024-10-01,14,106,49,2,2,0,4,7,23,266299,113911,4,2,1
rep09@sample.example,Rep 09,Account Executive,NA-US-AE,2024-11-01,14,99,55,2,2,0,4,7,19,275936,205545,4,2,1
rep09@sample.example,Rep 09,Account Executive,NA-US-AE,2024-12-01,12,96,38,2,1,0,3,6,14,194861,169290,3,2,1
rep09@sample.example,Rep 09,Account Executive,NA-US-AE,2025-01-01,13,89,38,2,1,0,3,6,23,238989,154663,3,2,1
rep09@sample.example,Rep 09,Account Executive,NA-US-AE,2025-02-01,15,121,65,3,2,0,4,7,24,275744,165683,4,3,1
rep09@sample.example,Rep 09,Account Executive,NA-US-AE,2025-03-01,18,122,47,3,2,0,5,9,22,281477,163047,5,3,1
rep09@sample.example,Rep 09,Account Executive,NA-US-AE,2025-04-01,13,94,45,2,1,0,3,6,16,318950,172731,3,2,1
rep09@sample.example,Rep 09,Account Executive,NA-US-AE,2025-05-01,11,121,57,2,1,0,3,5,15,343656,178198,3,2,1
rep09@sample.example,Rep 09,Account Executive,NA-US-AE,2025-06-01,18,95,54,3,2,0,5,9,22,278074,165424,5,3,1
rep09@sample.example,Rep 09,Account Executive,NA-US-AE,2025-07-01,16,93,40,3,2,0,4,8,17,247693,149890,4,3,1
rep09@sample.example,Rep 09,Account Executive,NA-US-AE,2025-08-01,15,110,50,3,2,0,4,7,19,252323,181049,4,3,1
rep09@sample.example,Rep 09,Account Executive,NA-US-AE,2025-09-01,15,109,47,3,2,0,4,7,26,246234,174973,4,3,1
rep09@sample.example,Rep 09,Account Executive,NA-US-AE,2025-10-01,16,105,56,3,2,0,4,8,18,310503,165992,4,3,1
rep09@sample.example,Rep 09,Account Executive,NA-US-AE,2025-11-01,11,114,42,2,1,0,3,5,25,242840,158705,3,2,1
rep09@sample.example,Rep 09,Account Executive,NA-US-AE,2025-12-01,14,104,52,2,2,0,4,7,19,296873,162109,4,2,1
rep09@sample.example,Rep 09,Account Executive,NA-US-AE,2026-01-01,14,80,59,2,2,0,4,7,21,198695,163909,4,2,1
rep09@sample.example,Rep 09,Account Executive,NA-US-AE,2026-02-01,15,118,41,3,2,0,4,7,26,263625,209894,4,3,1
rep09@sample.example,Rep 09,Account Executive,NA-US-AE,2026-03-01,14,114,47,2,2,0,4,7,18,313866,180126,4,2,1
rep09@sample.example,Rep 09,Account Executive,NA-US-AE,2026-04-01,17,116,45,3,2,0,5,8,16,243976,148499,5,3,1
rep09@sample.example,Rep 09,Account Executive,NA-US-AE,2026-05-01,12,113,52,2,1,0,3,6,20,276903,159087,3,2,1
rep09@sample.example,Rep 09,Account Executive,NA-US-AE,2026-06-01,14,115,57,2,2,0,4,7,19,209727,190548,4,2,1
rep09@sample.example,Rep 09,Account Executive,NA-US-AE,2026-07-01,14,119,36,2,2,0,4,7,20,271083,133170,4,2,1
rep09@sample.example,Rep 09,Account Executive,NA-US-AE,2026-08-01,13,115,58,2,1,0,3,6,26,235456,133973,3,2,1
rep09@sample.example,Rep 09,Account Executive,NA-US-AE,2026-09-01,15,117,51,3,2,0,4,7,17,301284,177851,4,3,1
rep10@sample.example,Rep 10,Account Executive,NA-US-AE,2024-10-01,9,55,52,1,1,0,2,4,14,127649,53125,2,1,0
rep10@sample.example,Rep 10,Account Executive,NA-US-AE,2024-11-01,8,64,50,1,1,0,2,4,14,131034,88354,2,1,0
rep10@sample.example,Rep 10,Account Executive,NA-US-AE,2024-12-01,7,65,62,1,1,0,2,3,11,241199,120579,2,1,0
rep10@sample.example,Rep 10,Account Executive,NA-US-AE,2025-01-01,10,65,64,2,1,0,3,5,11,159021,68748,3,2,1
rep10@sample.example,Rep 10,Account Executive,NA-US-AE,2025-02-01,9,73,54,1,1,0,2,4,13,159971,93391,2,1,0
rep10@sample.example,Rep 10,Account Executive,NA-US-AE,2025-03-01,6,70,46,1,0,0,1,3,8,142442,73508,1,1,0
rep10@sample.example,Rep 10,Account Executive,NA-US-AE,2025-04-01,11,70,39,2,1,0,3,5,14,212523,78413,3,2,1
rep10@sample.example,Rep 10,Account Executive,NA-US-AE,2025-05-01,6,52,44,1,0,0,1,3,13,167193,49434,1,1,0
rep10@sample.example,Rep 10,Account Executive,NA-US-AE,2025-06-01,10,44,57,2,1,0,3,5,8,158283,72914,3,2,1
rep10@sample.example,Rep 10,Account Executive,NA-US-AE,2025-07-01,9,72,56,1,1,0,2,4,13,203271,59044,2,1,0
rep10@sample.example,Rep 10,Account Executive,NA-US-AE,2025-08-01,9,54,42,1,1,0,2,4,13,165356,75803,2,1,0
rep10@sample.example,Rep 10,Account Executive,NA-US-AE,2025-09-01,8,39,54,1,1,0,2,4,15,206490,70467,2,1,0
rep10@sample.example,Rep 10,Account Executive,NA-US-AE,2025-10-01,5,61,59,1,0,0,1,2,12,241085,119563,1,1,0
rep10@sample.example,Rep 10,Account Executive,NA-US-AE,2025-11-01,13,55,58,2,1,0,3,6,14,147019,81893,3,2,1
rep10@sample.example,Rep 10,Account Executive,NA-US-AE,2025-12-01,8,58,54,1,1,0,2,4,8,130768,115966,2,1,0
rep10@sample.example,Rep 10,Account Executive,NA-US-AE,2026-01-01,12,74,39,2,1,0,3,6,15,300457,130142,3,2,1
rep10@sample.example,Rep 10,Account Executive,NA-US-AE,2026-02-01,11,62,48,2,1,0,3,5,14,263511,91739,3,2,1
rep10@sample.example,Rep 10,Account Executive,NA-US-AE,2026-03-01,9,67,46,1,1,0,2,4,13,237026,122473,2,1,0
rep10@sample.example,Rep 10,Account Executive,NA-US-AE,2026-04-01,14,55,52,2,2,0,4,7,17,209508,98668,4,2,1
rep10@sample.example,Rep 10,Account Executive,NA-US-AE,2026-05-01,14,72,54,2,2,0,4,7,8,185060,94949,4,2,1
rep10@sample.example,Rep 10,Account Executive,NA-US-AE,2026-06-01,13,85,43,2,1,0,3,6,15,270817,56569,3,2,1
rep10@sample.example,Rep 10,Account Executive,NA-US-AE,2026-07-01,11,61,46,2,1,0,3,5,11,263305,73811,3,2,1
rep10@sample.example,Rep 10,Account Executive,NA-US-AE,2026-08-01,14,53,45,2,2,0,4,7,13,226062,95743,4,2,1
rep10@sample.example,Rep 10,Account Executive,NA-US-AE,2026-09-01,16,60,48,3,2,0,4,8,14,238877,111656,4,3,1
rep11@sample.example,Rep 11,Account Executive,NA-US-AE,2024-10-01,8,90,45,1,1,0,2,4,14,280786,108997,2,1,0
rep11@sample.example,Rep 11,Account Executive,NA-US-AE,2024-11-01,14,90,61,2,2,0,4,7,13,257957,155135,4,2,1
rep11@sample.example,Rep 11,Account Executive,NA-US-AE,2024-12-01,10,82,69,2,1,0,3,5,17,193095,113400,3,2,1
rep11@sample.example,Rep 11,Account Executive,NA-US-AE,2025-01-01,12,87,51,2,1,0,3,6,21,196885,135462,3,2,1
rep11@sample.example,Rep 11,Account Executive,NA-US-AE,2025-02-01,14,73,58,2,2,0,4,7,22,155809,104049,4,2,1
rep11@sample.example,Rep 11,Account Executive,NA-US-AE,2025-03-01,9,65,53,1,1,0,2,4,11,229953,155062,2,1,0
rep11@sample.example,Rep 11,Account Executive,NA-US-AE,2025-04-01,7,80,34,1,1,0,2,3,19,180504,120683,2,1,0
rep11@sample.example,Rep 11,Account Executive,NA-US-AE,2025-05-01,11,89,47,2,1,0,3,5,16,188134,128293,3,2,1
rep11@sample.example,Rep 11,Account Executive,NA-US-AE,2025-06-01,8,84,34,1,1,0,2,4,15,286612,127591,2,1,0
rep11@sample.example,Rep 11,Account Executive,NA-US-AE,2025-07-01,8,86,42,1,1,0,2,4,11,180540,140737,2,1,0
rep11@sample.example,Rep 11,Account Executive,NA-US-AE,2025-08-01,11,83,42,2,1,0,3,5,13,263988,130891,3,2,1
rep11@sample.example,Rep 11,Account Executive,NA-US-AE,2025-09-01,9,62,39,1,1,0,2,4,24,164043,124463,2,1,0
rep11@sample.example,Rep 11,Account Executive,NA-US-AE,2025-10-01,11,82,47,2,1,0,3,5,12,167957,159774,3,2,1
rep11@sample.example,Rep 11,Account Executive,NA-US-AE,2025-11-01,9,92,36,1,1,0,2,4,15,220444,146730,2,1,0
rep11@sample.example,Rep 11,Account Executive,NA-US-AE,2025-12-01,8,89,53,1,1,0,2,4,14,229086,108039,2,1,0
rep11@sample.example,Rep 11,Account Executive,NA-US-AE,2026-01-01,9,83,28,1,1,0,2,4,16,169997,96743,2,1,0
rep11@sample.example,Rep 11,Account Executive,NA-US-AE,2026-02-01,10,91,46,2,1,0,3,5,20,163615,99753,3,2,1
rep11@sample.example,Rep 11,Account Executive,NA-US-AE,2026-03-01,14,87,57,2,2,0,4,7,14,242176,131193,4,2,1
rep11@sample.example,Rep 11,Account Executive,NA-US-AE,2026-04-01,12,84,59,2,1,0,3,6,14,171449,96448,3,2,1
rep11@sample.example,Rep 11,Account Executive,NA-US-AE,2026-05-01,13,76,41,2,1,0,3,6,13,192197,100574,3,2,1
rep11@sample.example,Rep 11,Account Executive,NA-US-AE,2026-06-01,10,77,45,2,1,0,3,5,13,211471,116782,3,2,1
rep11@sample.example,Rep 11,Account Executive,NA-US-AE,2026-07-01,11,86,52,2,1,0,3,5,10,188572,110081,3,2,1
rep11@sample.example,Rep 11,Account Executive,NA-US-AE,2026-08-01,12,68,44,2,1,0,3,6,15,196552,145825,3,2,1
rep11@sample.example,Rep 11,Account Executive,NA-US-AE,2026-09-01,10,93,38,2,1,0,3,5,11,258770,134713,3,2,1
rep12@sample.example,Rep 12,"Director, Sales",NA-US-AE-Director,2024-10-01,15,109,53,3,2,0,4,7,17,307941,151357,4,3,1
rep12@sample.example,Rep 12,"Director, Sales",NA-US-AE-Director,2024-11-01,16,108,34,3,2,0,4,8,17,323207,159263,4,3,1
rep12@sample.example,Rep 12,"Director, Sales",NA-US-AE-Director,2024-12-01,14,110,46,2,2,0,4,7,19,290296,164885,4,2,1
rep12@sample.example,Rep 12,"Director, Sales",NA-US-AE-Director,2025-01-01,18,108,65,3,2,0,5,9,27,362965,183229,5,3,1
rep12@sample.example,Rep 12,"Director, Sales",NA-US-AE-Director,2025-02-01,16,109,48,3,2,0,4,8,19,299742,149183,4,3,1
rep12@sample.example,Rep 12,"Director, Sales",NA-US-AE-Director,2025-03-01,19,113,46,3,2,0,5,9,15,308367,153674,5,3,1
rep12@sample.example,Rep 12,"Director, Sales",NA-US-AE-Director,2025-04-01,14,96,31,2,2,0,4,7,23,315971,213620,4,2,1
rep12@sample.example,Rep 12,"Director, Sales",NA-US-AE-Director,2025-05-01,17,106,61,3,2,0,5,8,22,333393,154568,5,3,1
rep12@sample.example,Rep 12,"Director, Sales",NA-US-AE-Director,2025-06-01,16,122,58,3,2,0,4,8,26,320807,162602,4,3,1
rep12@sample.example,Rep 12,"Director, Sales",NA-US-AE-Director,2025-07-01,16,117,38,3,2,0,4,8,23,386738,190224,4,3,1
rep12@sample.example,Rep 12,"Director, Sales",NA-US-AE-Director,2025-08-01,16,118,44,3,2,0,4,8,19,298077,185111,4,3,1
rep12@sample.example,Rep 12,"Director, Sales",NA-US-AE-Director,2025-09-01,22,102,43,4,3,1,6,11,20,459393,182087,6,4,2
rep12@sample.example,Rep 12,"Director, Sales",NA-US-AE-Director,2025-10-01,18,90,44,3,2,0,5,9,25,441906,156671,5,3,1
rep12@sample.example,Rep 12,"Director, Sales",NA-US-AE-Director,2025-11-01,18,102,34,3,2,0,5,9,24,331868,183263,5,3,1
rep12@sample.example,Rep 12,"Director, Sales",NA-US-AE-Director,2025-12-01,17,95,52,3,2,0,5,8,19,414650,162165,5,3,1
rep12@sample.example,Rep 12,"Director, Sales",NA-US-AE-Director,2026-01-01,18,114,56,3,2,0,5,9,15,464549,171941,5,3,1
rep12@sample.example,Rep 12,"Director, Sales",NA-US-AE-Director,2026-02-01,22,89,44,4,3,1,6,11,20,442683,132808,6,4,2
rep12@sample.example,Rep 12,"Director, Sales",NA-US-AE-Director,2026-03-01,19,87,48,3,2,0,5,9,22,340251,150174,5,3,1
rep12@sample.example,Rep 12,"Director, Sales",NA-US-AE-Director,2026-04-01,23,123,55,4,3,1,6,11,20,368683,143272,6,4,2
rep12@sample.example,Rep 12,"Director, Sales",NA-US-AE-Director,2026-05-01,21,109,49,4,3,1,6,10,26,435387,140563,6,4,2
rep12@sample.example,Rep 12,"Director, Sales",NA-US-AE-Director,2026-06-01,26,117,50,5,3,1,7,13,19,357169,141555,7,5,2
rep12@sample.example,Rep 12,"Director, Sales",NA-US-AE-Director,2026-07-01,25,99,39,5,3,1,7,12,22,449853,174127,7,5,2
rep12@sample.example,Rep 12,"Director, Sales",NA-US-AE-Director,2026-08-01,25,122,43,5,3,1,7,12,24,408707,175879,7,5,2
rep12@sample.example,Rep 12,"Director, Sales",NA-US-AE-Director,2026-09-01,24,110,57,4,3,1,7,12,21,500790,179507,7,4,2
