opportunity_crm_id,account_id,opportunity_name,opportunity_type,opportunity_is_won,opportunity_is_closed,opportunity_engagement_level,opportunity_amount,created_at,close_date,avg_open_to_close
006000000,00100000,Opp 0,New Business,true,true,4.5,100242,2025-06-12,2025-08-16,65
006000001,00100001,Opp 1,Upsell,false,true,0.4,299844,2024-11-27,2025-03-02,95
006000002,00100002,Opp 2,Renewal,false,true,9.0,279135,2025-09-05,2025-09-22,17
006000003,00100003,Opp 3,New Business,false,true,7.1,62982,2024-10-22,2025-02-27,128
006000004,00100004,Opp 4,Upsell,false,true,1.4,319217,2025-09-08,2025-11-02,55
006000005,00100005,Opp 5,Renewal,false,true,5.9,179826,2026-03-28,2026-04-28,31
006000006,00100006,Opp 6,New Business,true,true,3.7,209043,2026-01-28,2026-05-08,100
006000007,00100007,Opp 7,Upsell,true,true,1.7,255313,2024-12-03,2025-01-13,41
006000008,00100008,Opp 8,Renewal,true,true,7.2,125632,2025-05-27,2025-06-10,14
006000009,00100009,Opp 9,New Business,false,true,0.8,244485,2025-02-13,2025-05-24,100
006000010,00100010,Opp 10,Upsell,false,true,9.6,339447,2024-10-12,2025-01-23,103
006000011,00100011,Opp 11,Renewal,false,true,0.8,260367,2025-06-02,2025-08-28,87
006000012,00100012,Opp 12,New Business,false,true,1.2,395908,2025-05-18,2025-08-15,89
006000013,00100013,Opp 13,Upsell,false,true,0.6,240147,2025-01-03,2025-05-29,146
006000014,00100014,Opp 14,Renewal,true,true,8.7,91624,2025-05-23,2025-09-10,110
006000015,00100015,Opp 15,New Business,false,true,0.3,97974,2025-09-20,2025-12-09,80
006000016,00100016,Opp 16,Upsell,true,true,2.6,69857,2026-01-09,2026-05-10,121
006000017,00100017,Opp 17,Renewal,false,true,1.5,303571,2025-02-20,2025-08-05,166
006000018,00100018,Opp 18,New Business,true,true,4.8,200987,2025-05-17,2025-07-26,70
006000019,00100019,Opp 19,Upsell,true,true,4.3,61152,2025-06-27,2025-09-01,66
006000020,00100020,Opp 20,Renewal,true,true,3.9,390881,2025-01-13,2025-02-28,46
006000021,00100021,Opp 21,New Business,true,true,9.8,241792,2024-08-02,2025-01-17,168
006000022,00100022,Opp 22,Upsell,true,true,8.1,11008,2026-02-18,2026-03-30,40
006000023,00100023,Opp 23,Renewal,false,true,7.9,198795,2025-04-23,2025-07-10,78
006000024,00100024,Opp 24,New Business,false,true,4.4,309546,2025-08-12,2025-10-11,60
006000025,00100025,Opp 25,Upsell,false,true,1.8,383092,2025-04-08,2025-08-24,138
006000026,00100026,Opp 26,Renewal,false,true,1.8,329058,2024-08-26,2025-03-31,217
006000027,00100027,Opp 27,New Business,false,true,7.3,81848,2025-06-11,2025-07-30,49
006000028,00100028,Opp 28,Upsell,false,true,6.1,315624,2024-12-16,2025-07-16,212
006000029,00100029,Opp 29,Renewal,true,true,3.1,223973,2025-12-17,2026-06-17,182
006000030,00100030,Opp 30,New Business,false,true,8.4,185751,2025-08-07,2025-12-22,137
006000031,00100031,Opp 31,Upsell,false,true,2.8,18097,2024-11-23,2025-04-03,131
006000032,00100032,Opp 32,Renewal,false,true,4.1,140201,2025-08-22,2025-09-30,39
006000033,00100033,Opp 33,New Business,false,true,1.9,95714,2024-11-01,2025-02-07,98
006000034,00100034,Opp 34,Upsell,true,true,7.0,282536,2025-12-25,2025-12-31,6
006000035,00100035,Opp 35,Renewal,false,true,9.3,197023,2025-04-11,2025-05-04,23
006000036,00100036,Opp 36,New Business,false,true,7.1,312153,2025-10-31,2026-01-26,87
006000037,00100037,Opp 37,Upsell,true,true,7.5,244062,2026-04-20,2026-05-22,32
006000038,00100038,Opp 38,Renewal,false,true,5.1,20846,2024-12-27,2025-05-18,142
006000039,00100039,Opp 39,New Business,true,true,2.4,98017,2025-01-24,2025-07-06,163
006000040,00100000,Opp 40,Upsell,true,true,1.0,20198,2024-07-01,2025-01-31,214
006000041,00100001,Opp 41,Renewal,false,true,1.0,19273,2025-08-02,2025-09-25,54
006000042,00100002,Opp 42,New Business,true,true,8.4,134973,2026-02-17,2026-06-20,123
006000043,00100003,Opp 43,Upsell,true,true,7.0,33682,2025-06-04,2025-07-03,29
006000044,00100004,Opp 44,Renewal,false,true,2.7,156602,2025-12-25,2026-05-28,154
006000045,00100005,Opp 45,New Business,true,true,1.1,320279,2026-05-30,2026-07-09,40
006000046,00100006,Opp 46,Upsell,true,true,2.3,252249,2026-02-15,2026-08-10,176
006000047,00100007,Opp 47,Renewal,true,true,7.5,342918,2024-06-17,2025-01-19,216
006000048,00100008,Opp 48,New Business,true,true,3.9,28983,2025-11-16,2026-06-23,219
006000049,00100009,Opp 49,Upsell,false,true,4.0,187496,2025-06-18,2026-01-07,203
006000050,00100010,Opp 50,Renewal,false,true,4.0,305921,2025-09-16,2026-03-23,188
006000051,00100011,Opp 51,New Business,false,true,8.0,304167,2025-07-17,2026-02-15,213
006000052,00100012,Opp 52,Upsell,false,true,0.5,140696,2025-07-02,2025-12-28,179
006000053,00100013,Opp 53,Renewal,true,true,8.7,67160,2026-01-02,2026-01-09,7
006000054,00100014,Opp 54,New Business,true,true,5.3,274647,2025-04-01,2025-07-25,115
006000055,00100015,Opp 55,Upsell,true,true,6.7,247885,2025-10-22,2026-02-11,112
006000056,00100016,Opp 56,Renewal,false,true,6.3,346369,2025-01-21,2025-02-05,15
006000057,00100017,Opp 57,New Business,false,true,6.2,339383,2025-04-26,2025-10-07,164
006000058,00100018,Opp 58,Upsell,false,true,5.4,141376,2024-10-31,2025-04-13,164
006000059,00100019,Opp 59,Renewal,true,true,1.2,160744,2024-12-07,2025-02-10,65
006000060,00100020,Opp 60,New Business,false,true,1.1,41635,2025-03-18,2025-05-04,47
006000061,00100021,Opp 61,Upsell,false,true,5.9,54288,2025-05-19,2025-10-02,136
006000062,00100022,Opp 62,Renewal,false,true,4.7,74969,2026-02-13,2026-03-27,42
006000063,00100023,Opp 63,New Business,false,true,5.1,161155,2026-04-28,2026-08-15,109
006000064,00100024,Opp 64,Upsell,false,true,2.7,160558,2026-01-01,2026-07-14,194
006000065,00100025,Opp 65,Renewal,true,true,8.4,350974,2025-03-18,2025-08-15,150
006000066,00100026,Opp 66,New Business,false,true,3.9,297325,2026-01-09,2026-04-17,98
006000067,00100027,Opp 67,Upsell,false,true,3.0,26233,2025-04-14,2025-11-14,214
006000068,00100028,Opp 68,Renewal,true,true,2.4,210892,2026-02-28,2026-07-14,136
006000069,00100029,Opp 69,New Business,true,true,9.7,135064,2025-03-13,2025-06-16,95
006000070,00100030,Opp 70,Upsell,true,true,3.2,123320,2025-08-06,2025-10-19,74
006000071,00100031,Opp 71,Renewal,false,true,3.0,45021,2026-06-04,2026-07-19,45
006000072,00100032,Opp 72,New Business,true,true,6.1,281054,2024-09-13,2025-03-05,173
006000073,00100033,Opp 73,Upsell,false,true,3.9,283116,2024-10-11,2025-04-22,193
006000074,00100034,Opp 74,Renewal,false,true,2.3,228497,2024-11-26,2025-06-08,194
006000075,00100035,Opp 75,New Business,true,true,3.4,333116,2025-01-31,2025-07-27,177
006000076,00100036,Opp 76,Upsell,true,true,6.1,59834,2025-11-08,2026-06-15,219
006000077,00100037,Opp 77,Renewal,false,true,7.4,150867,2025-10-15,2026-05-02,199
006000078,00100038,Opp 78,New Business,false,true,7.8,226548,2024-11-07,2025-05-11,185
006000079,00100039,Opp 79,Upsell,true,true,8.7,317146,2025-12-29,2026-07-18,201
006000080,00100000,Opp 80,Renewal,false,true,1.2,229105,2025-01-03,2025-06-03,151
006000081,00100001,Opp 81,New Business,true,true,8.5,208999,2024-11-11,2025-04-24,164
006000082,00100002,Opp 82,Upsell,true,true,8.5,163573,2025-10-11,2025-12-28,78
006000083,00100003,Opp 83,Renewal,false,true,3.5,349844,2025-08-25,2026-01-29,157
006000084,00100004,Opp 84,New Business,false,true,3.2,242800,2025-09-15,2026-01-25,132
006000085,00100005,Opp 85,Upsell,false,true,3.0,238403,2024-10-31,2025-05-29,210
006000086,00100006,Opp 86,Renewal,false,true,5.8,179799,2025-11-08,2025-12-05,27
006000087,00100007,Opp 87,New Business,true,true,9.7,117117,2025-09-24,2025-11-30,67
006000088,00100008,Opp 88,Upsell,false,true,9.7,34873,2025-01-20,2025-01-27,7
006000089,00100009,Opp 89,Renewal,false,true,2.6,173797,2026-04-14,2026-07-04,81
006000090,00100010,Opp 90,New Business,false,true,5.4,391217,2026-01-28,2026-06-14,137
006000091,00100011,Opp 91,Upsell,true,true,6.9,321804,2024-11-07,2025-02-11,96
006000092,00100012,Opp 92,Renewal,true,true,6.8,285381,2025-03-04,2025-03-11,7
006000093,00100013,Opp 93,New Business,false,true,2.3,350019,2025-10-05,2026-02-15,133
006000094,00100014,Opp 94,Upsell,false,true,5.6,265177,2026-01-14,2026-03-08,53
006000095,00100015,Opp 95,Renewal,false,true,4.0,372586,2025-07-16,2025-12-18,155
006000096,00100016,Opp 96,New Business,false,true,5.3,176764,2025-11-20,2026-01-07,48
006000097,00100017,Opp 97,Upsell,true,true,3.7,102057,2026-03-17,2026-06-09,84
006000098,00100018,Opp 98,Renewal,false,true,1.1,276799,2025-06-20,2025-12-18,181
006000099,00100019,Opp 99,New Business,true,true,8.9,162004,2026-05-07,2026-06-21,45
006000100,00100020,Opp 100,Upsell,true,true,8.2,105635,2026-01-05,2026-02-27,53
006000101,00100021,Opp 101,Renewal,false,true,0.6,308774,2025-11-26,2025-12-28,32
006000102,00100022,Opp 102,New Business,true,true,9.9,15627,2026-02-11,2026-02-26,15
006000103,00100023,Opp 103,Upsell,true,true,7.9,12051,2026-01-21,2026-07-21,181
006000104,00100024,Opp 104,Renewal,true,true,9.2,18095,2026-07-25,2026-08-24,30
006000105,00100025,Opp 105,New Business,true,true,6.7,307285,2026-03-11,2026-07-21,132
006000106,00100026,Opp 106,Upsell,false,true,2.7,85349,2026-01-21,2026-06-11,141
006000107,00100027,Opp 107,Renewal,true,true,5.7,92193,2025-04-23,2025-05-29,36
006000108,00100028,Opp 108,New Business,true,true,5.2,49914,2025-04-01,2025-04-13,12
006000109,00100029,Opp 109,Upsell,false,true,1.7,331390,2025-09-21,2026-04-24,215
006000110,00100030,Opp 110,Renewal,false,true,4.3,368909,2024-07-26,2025-01-13,171
006000111,00100031,Opp 111,New Business,true,true,7.7,195516,2025-02-25,2025-09-01,188
006000112,00100032,Opp 112,Upsell,true,true,2.8,315271,2024-10-29,2025-04-12,165
006000113,00100033,Opp 113,Renewal,true,true,0.6,20248,2025-08-19,2026-01-30,164
006000114,00100034,Opp 114,New Business,false,true,0.5,240498,2024-09-13,2025-02-14,154
006000115,00100035,Opp 115,Upsell,false,true,0.5,93572,2024-12-15,2025-02-15,62
006000116,00100036,Opp 116,Renewal,false,true,9.3,248783,2024-10-14,2025-01-07,85
006000117,00100037,Opp 117,New Business,false,true,3.0,137364,2024-10-31,2025-03-11,131
006000118,00100038,Opp 118,Upsell,false,true,6.8,226790,2025-03-14,2025-08-15,154
006000119,00100039,Opp 119,Renewal,false,true,3.1,137606,2024-09-16,2025-01-23,129
006000120,00100000,Opp 120,New Business,true,true,0.9,14001,2025-03-31,2025-07-11,102
006000121,00100001,Opp 121,Upsell,true,true,9.7,70233,2025-08-12,2026-01-07,148
006000122,00100002,Opp 122,Renewal,false,true,3.4,351459,2025-11-19,2026-02-17,90
006000123,00100003,Opp 123,New Business,true,true,0.7,300372,2025-05-24,2025-12-26,216
006000124,00100004,Opp 124,Upsell,true,true,2.4,134347,2025-10-03,2025-12-19,77
006000125,00100005,Opp 125,Renewal,true,true,4.4,91733,2025-12-05,2025-12-16,11
006000126,00100006,Opp 126,New Business,true,true,2.4,295666,2025-08-10,2025-10-04,55
006000127,00100007,Opp 127,Upsell,true,true,8.4,135925,2025-12-27,2026-04-24,118
006000128,00100008,Opp 128,Renewal,false,true,1.6,207600,2025-08-14,2026-02-19,189
006000129,00100009,Opp 129,New Business,false,true,6.3,274676,2026-02-11,2026-05-03,81
006000130,00100010,Opp 130,Upsell,false,true,2.0,380395,2024-11-19,2025-05-15,177
006000131,00100011,Opp 131,Renewal,true,true,10.0,290316,2025-09-17,2026-01-12,117
006000132,00100012,Opp 132,New Business,false,true,2.5,74376,2025-03-11,2025-05-09,59
006000133,00100013,Opp 133,Upsell,true,true,6.8,25055,2025-11-17,2026-01-30,74
006000134,00100014,Opp 134,Renewal,true,true,6.6,214438,2024-10-24,2025-01-16,84
006000135,00100015,Opp 135,New Business,false,true,7.1,178315,2025-02-04,2025-08-26,203
006000136,00100016,Opp 136,Upsell,false,true,1.9,199520,2026-07-08,2026-07-30,22
006000137,00100017,Opp 137,Renewal,false,true,8.1,386815,2025-01-14,2025-03-09,54
006000138,00100018,Opp 138,New Business,true,true,3.1,158040,2026-01-07,2026-02-13,37
006000139,00100019,Opp 139,Upsell,false,true,3.6,154976,2025-01-13,2025-05-16,123
006000140,00100020,Opp 140,Renewal,false,true,1.8,226305,2025-05-31,2025-12-26,209
006000141,00100021,Opp 141,New Business,false,true,0.3,219991,2025-05-12,2025-09-12,123
006000142,00100022,Opp 142,Upsell,false,true,3.5,70414,2025-09-05,2025-10-26,51
006000143,00100023,Opp 143,Renewal,false,true,2.7,222159,2024-12-12,2025-02-11,61
006000144,00100024,Opp 144,New Business,true,true,0.4,91888,2025-09-13,2025-11-07,55
006000145,00100025,Opp 145,Upsell,true,true,3.8,305986,2025-04-10,2025-07-03,84
006000146,00100026,Opp 146,Renewal,true,true,8.4,143540,2025-12-12,2026-06-18,188
006000147,00100027,Opp 147,New Business,true,true,9.3,10509,2025-07-25,2025-12-24,152
006000148,00100028,Opp 148,Upsell,false,true,1.1,32523,2025-05-02,2025-10-21,172
006000149,00100029,Opp 149,Renewal,true,true,8.8,138165,2024-08-19,2025-02-18,183
006000150,00100030,Opp 150,New Business,true,true,6.8,191227,2025-05-10,2025-08-04,86
006000151,00100031,Opp 151,Upsell,true,true,7.5,332611,2025-08-10,2026-02-08,182
006000152,00100032,Opp 152,Renewal,true,true,8.3,232285,2025-11-26,2025-12-24,28
006000153,00100033,Opp 153,New Business,true,true,4.4,276683,2025-11-27,2026-04-09,133
006000154,00100034,Opp 154,Upsell,false,true,0.5,76922,2026-02-15,2026-06-09,114
006000155,00100035,Opp 155,Renewal,true,true,4.9,146942,2026-01-24,2026-07-27,184
006000156,00100036,Opp 156,New Business,true,true,1.7,295176,2025-02-07,2025-08-30,204
006000157,00100037,Opp 157,Upsell,false,true,2.6,192048,2025-11-15,2026-01-02,48
006000158,00100038,Opp 158,Renewal,true,true,4.1,81593,2025-02-26,2025-05-21,84
006000159,00100039,Opp 159,New Business,true,true,6.9,379948,2025-04-26,2025-09-01,128
006000160,00100000,Opp 160,Upsell,false,true,2.4,346021,2025-01-19,2025-05-17,118
006000161,00100001,Opp 161,Renewal,true,true,3.5,318047,2024-11-21,2025-05-26,186
006000162,00100002,Opp 162,New Business,true,true,5.6,297446,2024-09-30,2025-05-01,213
006000163,00100003,Opp 163,Upsell,false,true,4.2,323882,2024-12-12,2025-06-08,178
006000164,00100004,Opp 164,Renewal,false,true,9.8,70019,2025-04-14,2025-07-31,108
006000165,00100005,Opp 165,New Business,true,true,6.9,32752,2025-03-24,2025-07-31,129
006000166,00100006,Opp 166,Upsell,false,true,0.6,377852,2025-02-28,2025-04-24,55
006000167,00100007,Opp 167,Renewal,false,true,3.1,243346,2025-10-14,2025-11-29,46
006000168,00100008,Opp 168,New Business,true,true,4.7,47653,2026-06-07,2026-07-25,48
006000169,00100009,Opp 169,Upsell,false,true,0.5,54025,2025-10-28,2026-05-13,197
006000170,00100010,Opp 170,Renewal,true,true,7.5,148637,2026-01-19,2026-08-01,194
006000171,00100011,Opp 171,New Business,false,true,1.1,109514,2026-01-20,2026-05-16,116
006000172,00100012,Opp 172,Upsell,true,true,7.8,347907,2024-12-29,2025-04-04,96
006000173,00100013,Opp 173,Renewal,false,true,2.9,352398,2025-03-07,2025-09-15,192
006000174,00100014,Opp 174,New Business,true,true,2.5,217236,2025-01-14,2025-01-26,12
006000175,00100015,Opp 175,Upsell,true,true,8.4,367606,2026-05-02,2026-06-23,52
006000176,00100016,Opp 176,Renewal,false,true,1.7,399191,2025-04-11,2025-11-14,217
006000177,00100017,Opp 177,New Business,true,true,6.2,177853,2025-07-14,2025-12-31,170
006000178,00100018,Opp 178,Upsell,true,true,2.3,135503,2025-06-10,2025-09-17,99
006000179,00100019,Opp 179,Renewal,true,true,0.6,36501,2025-07-22,2026-02-17,210
006000180,00100020,Opp 180,New Business,true,true,9.4,167062,2025-01-30,2025-06-11,132
006000181,00100021,Opp 181,Upsell,false,true,6.0,95793,2025-07-11,2025-08-21,41
006000182,00100022,Opp 182,Renewal,false,true,1.4,30941,2024-12-16,2025-04-02,107
006000183,00100023,Opp 183,New Business,true,true,8.5,11469,2025-11-18,2026-01-17,60
006000184,00100024,Opp 184,Upsell,false,true,0.3,233055,2025-11-02,2026-06-08,218
006000185,00100025,Opp 185,Renewal,true,true,1.4,382652,2026-05-23,2026-06-11,19
006000186,00100026,Opp 186,New Business,true,true,4.2,359230,2024-09-15,2025-01-10,117
006000187,00100027,Opp 187,Upsell,true,true,9.6,208612,2024-12-10,2025-06-18,190
006000188,00100028,Opp 188,Renewal,false,true,3.0,307541,2025-07-27,2025-12-23,149
006000189,00100029,Opp 189,New Business,true,true,2.0,251421,2026-03-19,2026-06-14,87
006000190,00100030,Opp 190,Upsell,false,true,4.3,220431,2024-12-25,2025-06-08,165
006000191,00100031,Opp 191,Renewal,true,true,9.6,388938,2024-08-03,2025-03-03,212
006000192,00100032,Opp 192,New Business,false,true,6.8,309434,2026-05-13,2026-08-02,81
006000193,00100033,Opp 193,Upsell,true,true,4.2,166925,2024-11-29,2025-05-21,173
006000194,00100034,Opp 194,Renewal,true,true,8.7,109008,2024-08-15,2025-01-29,167
006000195,00100035,Opp 195,New Business,false,true,2.2,87027,2024-09-29,2025-03-29,181
006000196,00100036,Opp 196,Upsell,true,true,6.6,198744,2025-10-01,2026-03-03,153
006000197,00100037,Opp 197,Renewal,false,true,5.3,69901,2025-06-11,2025-09-25,106
006000198,00100038,Opp 198,New Business,false,true,2.3,68862,2026-05-21,2026-07-16,56
006000199,00100039,Opp 199,Upsell,false,true,2.2,108325,2024-10-19,2025-04-08,171
006000200,00100000,Opp 200,Renewal,true,true,5.3,300466,2025-04-13,2025-08-21,130
006000201,00100001,Opp 201,New Business,false,true,4.6,395659,2024-10-25,2025-04-26,183
006000202,00100002,Opp 202,Upsell,false,true,5.1,366250,2026-01-28,2026-02-22,25
006000203,00100003,Opp 203,Renewal,false,true,0.7,275937,2026-03-07,2026-07-18,133
006000204,00100004,Opp 204,New Business,false,true,7.1,63526,2026-05-09,2026-06-12,34
006000205,00100005,Opp 205,Upsell,false,true,4.6,110477,2025-02-01,2025-06-25,144
006000206,00100006,Opp 206,Renewal,false,true,5.6,334421,2025-12-09,2026-01-18,40
006000207,00100007,Opp 207,New Business,false,true,0.6,17954,2024-11-04,2025-02-12,100
006000208,00100008,Opp 208,Upsell,false,true,7.0,73196,2025-07-05,2025-11-04,122
006000209,00100009,Opp 209,Renewal,true,true,7.1,305152,2025-06-29,2025-07-26,27
006000210,00100010,Opp 210,New Business,false,true,1.1,202404,2025-03-19,2025-06-22,95
006000211,00100011,Opp 211,Upsell,true,true,7.5,144016,2024-06-26,2025-01-12,200
006000212,00100012,Opp 212,Renewal,false,true,1.2,197149,2025-12-11,2026-06-22,193
006000213,00100013,Opp 213,New Business,true,true,7.2,62242,2025-07-22,2025-12-28,159
006000214,00100014,Opp 214,Upsell,true,true,3.6,27902,2024-11-18,2025-04-26,159
006000215,00100015,Opp 215,Renewal,true,true,9.3,111265,2025-10-20,2025-12-29,70
006000216,00100016,Opp 216,New Business,true,true,6.9,69546,2025-10-25,2026-03-27,153
006000217,00100017,Opp 217,Upsell,true,true,7.9,107134,2025-08-30,2025-09-22,23
006000218,00100018,Opp 218,Renewal,false,true,1.5,85624,2025-07-29,2026-01-25,180
006000219,00100019,Opp 219,New Business,true,true,5.9,242830,2025-04-05,2025-10-03,181
006000220,00100020,Opp 220,Upsell,false,true,0.1,273074,2026-04-01,2026-05-14,43
006000221,00100021,Opp 221,Renewal,true,true,4.8,49113,2024-07-02,2025-02-06,219
006000222,00100022,Opp 222,New Business,false,true,1.8,259433,2025-08-12,2026-02-06,178
006000223,00100023,Opp 223,Upsell,true,true,9.7,130171,2025-10-11,2026-02-07,119
006000224,00100024,Opp 224,Renewal,true,true,8.7,182633,2025-12-12,2026-01-05,24
006000225,00100025,Opp 225,New Business,true,true,5.3,120824,2025-01-07,2025-02-14,38
006000226,00100026,Opp 226,Upsell,false,true,1.7,312536,2025-08-04,2025-12-06,124
006000227,00100027,Opp 227,Renewal,false,true,4.7,185901,2024-10-14,2025-01-07,85
006000228,00100028,Opp 228,New Business,true,true,5.8,250861,2025-09-02,2025-09-12,10
006000229,00100029,Opp 229,Upsell,true,true,8.8,391138,2024-12-15,2025-05-30,166
006000230,00100030,Opp 230,Renewal,true,true,6.7,272144,2024-12-23,2025-03-07,74
006000231,00100031,Opp 231,New Business,true,true,9.9,316400,2026-01-25,2026-06-25,151
006000232,00100032,Opp 232,Upsell,false,true,9.6,59939,2026-07-16,2026-07-29,13
006000233,00100033,Opp 233,Renewal,false,true,8.7,342725,2026-02-23,2026-08-09,167
006000234,00100034,Opp 234,New Business,false,true,1.0,83999,2025-02-05,2025-09-01,208
006000235,00100035,Opp 235,Upsell,true,true,6.8,397727,2025-05-30,2025-12-16,200
006000236,00100036,Opp 236,Renewal,false,true,3.6,298746,2025-10-19,2025-12-25,67
006000237,00100037,Opp 237,New Business,true,true,7.2,362192,2025-06-10,2025-12-12,185
006000238,00100038,Opp 238,Upsell,false,true,3.2,202563,2026-01-23,2026-05-31,128
006000239,00100039,Opp 239,Renewal,false,true,8.9,81103,2025-03-02,2025-06-04,94
006000240,00100000,Opp 240,New Business,false,true,2.1,222326,2025-10-16,2026-04-10,176
006000241,00100001,Opp 241,Upsell,false,true,4.5,317648,2025-04-01,2025-06-22,82
006000242,00100002,Opp 242,Renewal,false,true,0.7,390976,2025-06-25,2025-09-16,83
006000243,00100003,Opp 243,New Business,false,true,5.7,109739,2024-12-15,2025-03-17,92
006000244,00100004,Opp 244,Upsell,true,true,5.8,314338,2025-09-19,2025-11-08,50
006000245,00100005,Opp 245,Renewal,false,true,3.5,388119,2025-08-24,2026-03-15,203
006000246,00100006,Opp 246,New Business,true,true,8.7,101872,2025-07-17,2025-11-23,129
006000247,00100007,Opp 247,Upsell,true,true,2.8,338439,2025-06-08,2025-06-18,10
006000248,00100008,Opp 248,Renewal,false,true,2.7,219491,2024-12-20,2025-02-18,60
006000249,00100009,Opp 249,New Business,false,true,4.5,349787,2026-03-13,2026-05-29,77
006000250,00100010,Opp 250,Upsell,true,true,1.0,325108,2025-04-24,2025-05-13,19
006000251,00100011,Opp 251,Renewal,true,true,0.5,188866,2026-01-12,2026-08-13,213
006000252,00100012,Opp 252,New Business,true,true,7.2,346847,2026-04-21,2026-07-04,74
006000253,00100013,Opp 253,Upsell,true,true,8.8,178583,2025-07-25,2025-08-06,12
006000254,00100014,Opp 254,Renewal,false,true,3.3,222503,2025-11-23,2026-05-13,171
006000255,00100015,Opp 255,New Business,false,true,6.1,227197,2025-01-10,2025-02-28,49
006000256,00100016,Opp 256,Upsell,true,true,8.0,269186,2025-07-01,2025-12-09,161
006000257,00100017,Opp 257,Renewal,true,true,9.9,23495,2024-09-13,2025-01-14,123
006000258,00100018,Opp 258,New Business,true,true,9.3,227650,2024-12-04,2025-02-27,85
006000259,00100019,Opp 259,Upsell,false,true,6.1,58994,2025-03-13,2025-06-10,89
006000260,00100020,Opp 260,Renewal,true,true,0.2,197613,2024-11-14,2025-04-03,140
006000261,00100021,Opp 261,New Business,true,true,8.1,90430,2026-03-03,2026-07-23,142
006000262,00100022,Opp 262,Upsell,false,true,6.6,398540,2025-05-27,2025-08-24,89
006000263,00100023,Opp 263,Renewal,false,true,6.2,349374,2024-09-28,2025-02-02,127
006000264,00100024,Opp 264,New Business,false,true,3.1,303234,2025-10-07,2026-04-10,185
006000265,00100025,Opp 265,Upsell,false,true,2.8,142600,2025-03-02,2025-05-16,75
006000266,00100026,Opp 266,Renewal,false,true,0.1,88954,2025-07-19,2026-01-07,172
006000267,00100027,Opp 267,New Business,true,true,9.9,24654,2024-09-17,2025-04-03,198
006000268,00100028,Opp 268,Upsell,true,true,6.2,117446,2026-01-05,2026-05-29,144
006000269,00100029,Opp 269,Renewal,true,true,5.6,396713,2025-08-03,2026-01-10,160
006000270,00100030,Opp 270,New Business,true,true,1.5,287085,2024-12-04,2025-06-15,193
006000271,00100031,Opp 271,Upsell,false,true,0.3,271586,2026-01-21,2026-03-29,67
006000272,00100032,Opp 272,Renewal,false,true,2.1,251224,2025-07-09,2026-02-03,209
006000273,00100033,Opp 273,New Business,false,true,2.1,356044,2025-04-10,2025-04-21,11
006000274,00100034,Opp 274,Upsell,true,true,7.3,363481,2025-08-30,2026-02-16,170
006000275,00100035,Opp 275,Renewal,true,true,8.6,224920,2025-08-25,2026-01-21,149
006000276,00100036,Opp 276,New Business,true,true,9.1,26099,2025-02-26,2025-08-18,173
006000277,00100037,Opp 277,Upsell,true,true,2.5,131310,2025-05-12,2025-09-05,116
006000278,00100038,Opp 278,Renewal,true,true,3.5,166479,2025-06-22,2025-10-13,113
006000279,00100039,Opp 279,New Business,true,true,8.8,260279,2025-01-11,2025-06-10,150
006000280,00100000,Opp 280,Upsell,false,true,8.6,167330,2025-03-08,2025-05-20,73
006000281,00100001,Opp 281,Renewal,true,true,2.8,94723,2025-05-07,2025-09-13,129
006000282,00100002,Opp 282,New Business,false,true,3.2,313680,2025-04-08,2025-08-06,120
006000283,00100003,Opp 283,Upsell,false,true,0.5,34216,2025-06-26,2026-01-05,193
006000284,00100004,Opp 284,Renewal,false,true,7.8,83294,2026-01-30,2026-03-22,51
006000285,00100005,Opp 285,New Business,true,true,9.9,89653,2025-04-14,2025-04-25,11
006000286,00100006,Opp 286,Upsell,true,true,9.7,273522,2025-03-14,2025-06-04,82
006000287,00100007,Opp 287,Renewal,true,true,7.4,367967,2026-03-04,2026-04-21,48
006000288,00100008,Opp 288,New Business,true,true,4.0,185986,2025-08-26,2026-02-11,169
006000289,00100009,Opp 289,Upsell,true,true,9.8,338909,2025-05-22,2025-07-26,65
006000290,00100010,Opp 290,Renewal,true,true,6.9,311387,2025-04-14,2025-08-26,134
006000291,00100011,Opp 291,New Business,true,true,4.3,175932,2025-02-09,2025-02-19,10
006000292,00100012,Opp 292,Upsell,true,true,0.6,285469,2025-01-11,2025-05-20,129
006000293,00100013,Opp 293,Renewal,true,true,4.3,87560,2026-01-09,2026-07-08,180
006000294,00100014,Opp 294,New Business,true,true,6.3,195373,2026-05-25,2026-06-27,33
006000295,00100015,Opp 295,Upsell,false,true,8.4,122793,2025-11-30,2025-12-24,24
006000296,00100016,Opp 296,Renewal,false,true,8.5,153116,2025-01-13,2025-03-16,62
006000297,00100017,Opp 297,New Business,true,true,7.0,32645,2024-12-29,2025-03-12,73
006000298,00100018,Opp 298,Upsell,true,true,2.0,200112,2025-12-29,2026-07-24,207
006000299,00100019,Opp 299,Renewal,true,true,2.7,295196,2026-03-26,2026-04-10,15
