opportunity_id,account_id,parent_account_id,account_name,created_date,close_date,stage,amount
O00000,A001,A001,Sample Account 1,2026-06-20,2026-11-23,Propose,122322
O00001,A002,A002,Sample Account 2,2025-08-07,2025-12-11,Closed Won,273503
O00002,A003,A003,Sample Account 3,2026-03-19,2026-07-29,Propose,283320
O00003,A004,A004,Sample Account 4,2026-04-30,2026-09-18,Negotiate,98409
O00004,A005,A005,Sample Account 5,2026-04-28,2026-08-30,Propose,115675
O00005,A006,A006,Sample Account 6,2026-02-02,2026-03-06,Closed Lost,246881
O00006,A007,A007,Sample Account 7,2026-07-01,2026-12-15,Closed Lost,297247
O00007,A008,A008,Sample Account 8,2025-11-16,2026-01-05,Closed Won,198433
O00008,A009,A009,Sample Account 9,2026-06-04,2026-10-12,Closed Won,11964
O00009,A010,A010,Sample Account 10,2025-07-11,2026-01-07,Propose,87737
O00010,A011,A011,Sample Account 11,2026-05-06,2026-07-14,Propose,73666
O00011,A012,A012,Sample Account 12,2026-05-22,2026-08-26,Propose,112257
O00012,A013,A013,Sample Account 13,2025-05-13,2025-11-13,Propose,6344
O00013,A014,A014,Sample Account 14,2026-01-31,2026-05-06,Closed Won,205248
O00014,A015,A015,Sample Account 15,2025-10-13,2026-01-24,Closed Lost,181539
O00015,A016,A016,Sample Account 16,2025-04-04,2025-05-26,Closed Won,46415
O00016,A017,A017,Sample Account 17,2025-07-25,2025-08-25,Negotiate,165284
O00017,A018,A018,Sample Account 18,2026-04-12,2026-09-18,Closed Lost,65594
O00018,A019,A019,Sample Account 19,2025-04-16,2025-10-17,Closed Won,161764
O00019,A020,A020,Sample Account 20,2025-03-13,2025-07-05,Closed Lost,212069
O00020,A021,A021,Sample Account 21,2026-01-20,2026-06-17,Propose,69148
O00021,A022,A022,Sample Account 22,2025-04-30,2025-09-30,Propose,162343
O00022,A023,A023,Sample Account 23,2025-11-05,2026-03-18,Propose,60951
O00023,A024,A024,Sample Account 24,2025-10-09,2025-12-26,Propose,109789
O00024,A025,A025,Sample Account 25,2025-08-12,2026-01-01,Propose,211142
O00025,A026,A026,Sample Account 26,2025-11-21,2026-05-02,Negotiate,62424
O00026,A027,A027,Sample Account 27,2025-12-26,2026-01-25,Propose,142649
O00027,A028,A028,Sample Account 28,2026-05-22,2026-08-01,Closed Lost,235938
O00028,A029,A029,Sample Account 29,2025-09-16,2026-03-11,Negotiate,194476
O00029,A030,A030,Sample Account 30,2025-05-18,2025-11-08,Closed Lost,228020
O00030,A031,A031,Sample Account 31,2025-05-16,2025-08-13,Closed Lost,69382
O00031,A032,A032,Sample Account 32,2025-12-13,2026-01-06,Propose,47851
O00032,A033,A033,Sample Account 33,2025-03-18,2025-09-11,Propose,163744
O00033,A034,A034,Sample Account 34,2026-06-10,2026-11-27,Propose,38065
O00034,A035,A035,Sample Account 35,2025-04-22,2025-06-08,Propose,163094
O00035,A036,A036,Sample Account 36,2025-11-15,2025-12-09,Propose,195893
O00036,A037,A037,Sample Account 37,2025-05-04,2025-09-22,Closed Won,13285
O00037,A038,A038,Sample Account 38,2025-03-14,2025-05-11,Closed Lost,47725
O00038,A039,A039,Sample Account 39,2026-04-22,2026-06-04,Closed Lost,276402
O00039,A040,A040,Sample Account 40,2025-04-06,2025-05-31,Negotiate,223558
O00040,A001,A001,Sample Account 1,2025-10-12,2026-01-04,Closed Lost,168974
O00041,A002,A002,Sample Account 2,2026-05-04,2026-06-05,Closed Won,289758
O00042,A003,A003,Sample Account 3,2026-06-27,2027-01-01,Propose,165071
O00043,A004,A004,Sample Account 4,2025-12-31,2026-02-03,Closed Won,57658
O00044,A005,A005,Sample Account 5,2025-10-06,2025-11-11,Closed Lost,150655
O00045,A006,A006,Sample Account 6,2026-02-10,2026-07-07,Negotiate,102856
O00046,A007,A007,Sample Account 7,2025-12-20,2026-04-30,Closed Won,152659
O00047,A008,A008,Sample Account 8,2025-10-20,2026-04-07,Negotiate,161800
O00048,A009,A009,Sample Account 9,2025-12-07,2026-03-07,Closed Won,54347
O00049,A010,A010,Sample Account 10,2026-04-15,2026-09-14,Propose,183477
O00050,A011,A011,Sample Account 11,2025-06-26,2025-10-18,Closed Won,170995
O00051,A012,A012,Sample Account 12,2025-11-16,2026-04-13,Negotiate,166515
O00052,A013,A013,Sample Account 13,2025-09-08,2025-11-30,Propose,273994
O00053,A014,A014,Sample Account 14,2025-07-19,2026-01-07,Closed Lost,232653
O00054,A015,A015,Sample Account 15,2026-06-26,2026-11-12,Negotiate,111953
O00055,A016,A016,Sample Account 16,2025-05-09,2025-10-16,Closed Lost,297568
O00056,A017,A017,Sample Account 17,2025-03-08,2025-04-17,Negotiate,96988
O00057,A018,A018,Sample Account 18,2025-09-01,2025-11-26,Closed Lost,214297
O00058,A019,A019,Sample Account 19,2025-10-23,2025-12-26,Closed Won,162474
O00059,A020,A020,Sample Account 20,2026-02-02,2026-03-20,Closed Lost,254372
O00060,A021,A021,Sample Account 21,2026-01-23,2026-07-28,Propose,27610
O00061,A022,A022,Sample Account 22,2026-06-02,2026-08-09,Propose,210016
O00062,A023,A023,Sample Account 23,2026-02-14,2026-06-22,Closed Lost,201399
O00063,A024,A024,Sample Account 24,2026-02-05,2026-08-22,Negotiate,215946
O00064,A025,A025,Sample Account 25,2026-02-01,2026-07-16,Propose,275224
O00065,A026,A026,Sample Account 26,2025-09-19,2025-11-26,Propose,78854
O00066,A027,A027,Sample Account 27,2026-07-08,2026-12-06,Negotiate,296606
O00067,A028,A028,Sample Account 28,2025-10-25,2025-11-23,Closed Won,131172
O00068,A029,A029,Sample Account 29,2026-02-13,2026-03-24,Closed Lost,193432
O00069,A030,A030,Sample Account 30,2026-05-25,2026-08-21,Propose,254197
O00070,A031,A031,Sample Account 31,2025-08-18,2025-11-25,Negotiate,101442
O00071,A032,A032,Sample Account 32,2026-05-07,2026-10-13,Closed Lost,94286
O00072,A033,A033,Sample Account 33,2025-04-15,2025-06-13,Closed Lost,255825
O00073,A034,A034,Sample Account 34,2025-08-20,2025-10-05,Closed Lost,80246
O00074,A035,A035,Sample Account 35,2026-03-03,2026-08-11,Closed Lost,177537
O00075,A036,A036,Sample Account 36,2026-07-10,2026-10-11,Negotiate,48064
O00076,A037,A037,Sample Account 37,2025-07-15,2025-09-25,Propose,11336
O00077,A038,A038,Sample Account 38,2026-06-29,2026-11-07,Closed Lost,204178
O00078,A039,A039,Sample Account 39,2025-10-25,2025-11-17,Propose,201693
O00079,A040,A040,Sample Account 40,2026-04-07,2026-04-27,Closed Won,124760
O00080,A001,A001,Sample Account 1,2025-09-23,2025-12-16,Closed Lost,17735
O00081,A002,A002,Sample Account 2,2025-12-29,2026-02-12,Propose,224944
O00082,A003,A003,Sample Account 3,2025-12-23,2026-07-01,Closed Won,134066
O00083,A004,A004,Sample Account 4,2025-10-16,2026-01-17,Closed Lost,35665
O00084,A005,A005,Sample Account 5,2025-09-07,2026-02-20,Closed Won,70330
O00085,A006,A006,Sample Account 6,2026-03-27,2026-09-14,Closed Won,259364
O00086,A007,A007,Sample Account 7,2025-12-07,2026-02-02,Propose,85940
O00087,A008,A008,Sample Account 8,2026-06-02,2026-11-07,Propose,144381
O00088,A009,A009,Sample Account 9,2025-08-25,2025-12-25,Closed Lost,105288
O00089,A010,A010,Sample Account 10,2025-04-16,2025-09-29,Negotiate,232390
O00090,A011,A011,Sample Account 11,2026-06-16,2026-08-24,Negotiate,175981
O00091,A012,A012,Sample Account 12,2025-03-25,2025-08-20,Negotiate,270730
O00092,A013,A013,Sample Account 13,2025-04-22,2025-05-21,Negotiate,138271
O00093,A014,A014,Sample Account 14,2026-02-25,2026-08-29,Negotiate,148703
O00094,A015,A015,Sample Account 15,2026-06-23,2026-10-31,Propose,240654
O00095,A016,A016,Sample Account 16,2025-10-23,2026-03-11,Negotiate,62566
O00096,A017,A017,Sample Account 17,2026-02-16,2026-08-13,Closed Lost,64432
O00097,A018,A018,Sample Account 18,2025-07-06,2026-01-17,Closed Lost,114844
O00098,A019,A019,Sample Account 19,2025-05-09,2025-07-21,Propose,180289
O00099,A020,A020,Sample Account 20,2025-06-05,2025-09-18,Propose,257730
O00100,A021,A021,Sample Account 21,2026-04-11,2026-05-12,Closed Lost,35336
O00101,A022,A022,Sample Account 22,2025-05-29,2025-10-10,Closed Won,40265
O00102,A023,A023,Sample Account 23,2025-10-18,2025-11-14,Closed Won,257051
O00103,A024,A024,Sample Account 24,2026-03-16,2026-07-19,Closed Won,221866
O00104,A025,A025,Sample Account 25,2025-06-27,2025-08-21,Closed Won,220418
O00105,A026,A026,Sample Account 26,2025-06-30,2025-10-14,Negotiate,262678
O00106,A027,A027,Sample Account 27,2025-09-29,2026-01-28,Closed Won,269955
O00107,A028,A028,Sample Account 28,2025-03-05,2025-06-15,Closed Won,231055
O00108,A029,A029,Sample Account 29,2025-06-12,2025-08-27,Negotiate,11313
O00109,A030,A030,Sample Account 30,2025-03-14,2025-04-27,Closed Won,226711
O00110,A031,A031,Sample Account 31,2026-05-14,2026-10-06,Propose,200887
O00111,A032,A032,Sample Account 32,2026-05-03,2026-06-17,Propose,170471
O00112,A033,A033,Sample Account 33,2025-03-07,2025-07-03,Negotiate,219625
O00113,A034,A034,Sample Account 34,2026-01-12,2026-02-17,Propose,289320
O00114,A035,A035,Sample Account 35,2025-11-25,2026-03-21,Closed Won,262940
O00115,A036,A036,Sample Account 36,2025-04-20,2025-08-21,Closed Won,266114
O00116,A037,A037,Sample Account 37,2026-03-10,2026-07-18,Closed Won,65710
O00117,A038,A038,Sample Account 38,2026-03-10,2026-08-30,Propose,164464
O00118,A039,A039,Sample Account 39,2025-03-24,2025-09-15,Propose,149994
O00119,A040,A040,Sample Account 40,2026-02-06,2026-02-26,Propose,134765
O00120,A001,A001,Sample Account 1,2025-08-27,2026-02-10,Propose,203646
O00121,A002,A002,Sample Account 2,2025-04-22,2025-07-26,Closed Won,178966
O00122,A003,A003,Sample Account 3,2025-08-05,2026-01-11,Closed Lost,214459
O00123,A004,A004,Sample Account 4,2026-06-11,2026-11-22,Closed Won,230681
O00124,A005,A005,Sample Account 5,2025-10-22,2026-04-01,Closed Lost,255615
O00125,A006,A006,Sample Account 6,2025-08-03,2026-02-01,Closed Won,156790
O00126,A007,A007,Sample Account 7,2026-06-28,2027-01-04,Closed Won,82493
O00127,A008,A008,Sample Account 8,2025-08-12,2026-02-27,Closed Won,133106
O00128,A009,A009,Sample Account 9,2025-03-16,2025-09-17,Closed Lost,142639
O00129,A010,A010,Sample Account 10,2025-06-30,2025-10-25,Closed Lost,282237
O00130,A011,A011,Sample Account 11,2026-01-05,2026-04-18,Closed Lost,57947
O00131,A012,A012,Sample Account 12,2025-07-05,2025-11-14,Propose,186440
O00132,A013,A013,Sample Account 13,2025-05-18,2025-09-29,Closed Lost,297829
O00133,A014,A014,Sample Account 14,2026-07-06,2026-10-07,Negotiate,14759
O00134,A015,A015,Sample Account 15,2025-11-26,2026-02-23,Propose,32481
O00135,A016,A016,Sample Account 16,2026-06-23,2026-08-13,Closed Lost,5496
O00136,A017,A017,Sample Account 17,2025-09-20,2026-02-27,Closed Won,176133
O00137,A018,A018,Sample Account 18,2025-08-16,2025-09-23,Closed Lost,204094
O00138,A019,A019,Sample Account 19,2025-05-08,2025-08-13,Closed Won,68857
O00139,A020,A020,Sample Account 20,2026-05-11,2026-09-25,Closed Lost,260432
O00140,A021,A021,Sample Account 21,2026-04-25,2026-06-14,Closed Lost,85651
O00141,A022,A022,Sample Account 22,2026-04-19,2026-07-26,Closed Lost,5524
O00142,A023,A023,Sample Account 23,2025-03-28,2025-06-22,Closed Won,100387
O00143,A024,A024,Sample Account 24,2026-03-31,2026-08-10,Negotiate,72838
O00144,A025,A025,Sample Account 25,2026-06-15,2026-08-21,Negotiate,210825
O00145,A026,A026,Sample Account 26,2026-02-14,2026-04-12,Propose,149512
O00146,A027,A027,Sample Account 27,2026-04-17,2026-07-10,Closed Lost,75957
O00147,A028,A028,Sample Account 28,2026-01-09,2026-05-04,Closed Lost,132026
O00148,A029,A029,Sample Account 29,2026-02-19,2026-09-05,Closed Won,68888
O00149,A030,A030,Sample Account 30,2025-06-12,2025-09-18,Closed Won,165608
O00150,A031,A031,Sample Account 31,2025-08-13,2025-09-27,Negotiate,249686
O00151,A032,A032,Sample Account 32,2026-04-17,2026-09-22,Closed Lost,237118
O00152,A033,A033,Sample Account 33,2025-04-24,2025-06-06,Negotiate,215747
O00153,A034,A034,Sample Account 34,2026-05-25,2026-07-30,Closed Lost,113722
O00154,A035,A035,Sample Account 35,2025-04-07,2025-04-28,Closed Won,215361
O00155,A036,A036,Sample Account 36,2025-04-12,2025-06-03,Closed Lost,242880
O00156,A037,A037,Sample Account 37,2026-02-03,2026-03-08,Propose,240713
O00157,A038,A038,Sample Account 38,2025-04-29,2025-05-26,Propose,183599
O00158,A039,A039,Sample Account 39,2025-06-11,2025-08-31,Propose,186824
O00159,A040,A040,Sample Account 40,2026-04-06,2026-08-20,Negotiate,71699
O00160,A001,A001,Sample Account 1,2026-05-23,2026-09-18,Closed Won,158585
O00161,A002,A002,Sample Account 2,2025-10-01,2026-01-01,Negotiate,66476
O00162,A003,A003,Sample Account 3,2025-06-18,2025-10-27,Negotiate,237961
O00163,A004,A004,Sample Account 4,2025-07-23,2025-09-29,Propose,164218
O00164,A005,A005,Sample Account 5,2025-09-11,2026-03-09,Closed Won,67222
O00165,A006,A006,Sample Account 6,2025-10-17,2025-11-22,Propose,229178
O00166,A007,A007,Sample Account 7,2025-07-10,2025-12-03,Negotiate,212125
O00167,A008,A008,Sample Account 8,2025-04-22,2025-07-10,Closed Lost,272991
O00168,A009,A009,Sample Account 9,2025-10-08,2025-12-15,Closed Won,257280
O00169,A010,A010,Sample Account 10,2026-05-25,2026-09-19,Negotiate,202186
O00170,A011,A011,Sample Account 11,2026-01-23,2026-03-15,Closed Won,210727
O00171,A012,A012,Sample Account 12,2026-02-01,2026-04-01,Negotiate,220052
O00172,A013,A013,Sample Account 13,2025-11-19,2026-01-10,Negotiate,175126
O00173,A014,A014,Sample Account 14,2025-10-15,2026-03-03,Negotiate,255623
O00174,A015,A015,Sample Account 15,2026-01-08,2026-07-06,Closed Lost,95847
O00175,A016,A016,Sample Account 16,2026-06-15,2026-09-08,Closed Won,221712
O00176,A017,A017,Sample Account 17,2026-02-27,2026-03-25,Negotiate,286149
O00177,A018,A018,Sample Account 18,2026-04-24,2026-09-18,Negotiate,117011
O00178,A019,A019,Sample Account 19,2025-10-05,2025-10-30,Propose,220537
O00179,A020,A020,Sample Account 20,2026-03-08,2026-05-17,Closed Won,51662
O00180,A021,A021,Sample Account 21,2026-01-21,2026-04-07,Negotiate,201727
O00181,A022,A022,Sample Account 22,2025-06-12,2025-10-16,Negotiate,243224
O00182,A023,A023,Sample Account 23,2026-01-19,2026-05-29,Negotiate,209025
O00183,A024,A024,Sample Account 24,2025-04-25,2025-07-11,Closed Won,166746
O00184,A025,A025,Sample Account 25,2025-11-21,2026-01-09,Propose,221857
O00185,A026,A026,Sample Account 26,2026-02-02,2026-05-22,Propose,95049
O00186,A027,A027,Sample Account 27,2025-07-01,2025-12-28,Propose,177754
O00187,A028,A028,Sample Account 28,2025-07-07,2025-11-02,Negotiate,263776
O00188,A029,A029,Sample Account 29,2026-03-10,2026-07-22,Closed Won,266920
O00189,A030,A030,Sample Account 30,2025-12-14,2026-05-13,Closed Lost,33148
O00190,A031,A031,Sample Account 31,2026-04-21,2026-06-20,Closed Won,186307
O00191,A032,A032,Sample Account 32,2025-07-31,2025-09-09,Closed Lost,128934
O00192,A033,A033,Sample Account 33,2025-11-11,2026-02-15,Propose,286808
O00193,A034,A034,Sample Account 34,2025-09-26,2026-03-01,Closed Won,27311
O00194,A035,A035,Sample Account 35,2026-03-10,2026-04-15,Closed Lost,113592
O00195,A036,A036,Sample Account 36,2026-02-16,2026-03-31,Propose,85119
O00196,A037,A037,Sample Account 37,2026-06-14,2026-11-16,Negotiate,194513
O00197,A038,A038,Sample Account 38,2025-04-04,2025-05-30,Negotiate,229415
O00198,A039,A039,Sample Account 39,2025-06-23,2025-08-13,Closed Won,46323
O00199,A040,A040,Sample Account 40,2025-11-05,2026-02-16,Closed Won,216298
O00200,A001,A001,Sample Account 1,2026-01-15,2026-04-16,Negotiate,238666
O00201,A002,A002,Sample Account 2,2025-06-28,2025-09-24,Closed Lost,250227
O00202,A003,A003,Sample Account 3,2025-06-01,2025-07-31,Propose,187225
O00203,A004,A004,Sample Account 4,2026-03-24,2026-05-17,Propose,299544
O00204,A005,A005,Sample Account 5,2025-04-03,2025-06-10,Negotiate,195107
O00205,A006,A006,Sample Account 6,2026-02-08,2026-05-09,Closed Lost,57512
O00206,A007,A007,Sample Account 7,2025-12-10,2026-03-25,Propose,125930
O00207,A008,A008,Sample Account 8,2026-01-12,2026-04-23,Closed Won,9984
O00208,A009,A009,Sample Account 9,2025-10-14,2026-04-28,Propose,199922
O00209,A010,A010,Sample Account 10,2025-08-02,2025-12-27,Closed Lost,120566
O00210,A011,A011,Sample Account 11,2025-07-31,2025-10-12,Negotiate,299152
O00211,A012,A012,Sample Account 12,2026-03-25,2026-08-14,Negotiate,203493
O00212,A013,A013,Sample Account 13,2025-04-12,2025-05-04,Closed Won,290879
O00213,A014,A014,Sample Account 14,2026-02-18,2026-06-17,Negotiate,266030
O00214,A015,A015,Sample Account 15,2025-06-15,2025-10-24,Closed Lost,261551
O00215,A016,A016,Sample Account 16,2025-03-19,2025-08-06,Closed Lost,176014
O00216,A017,A017,Sample Account 17,2025-10-28,2025-11-17,Negotiate,158159
O00217,A018,A018,Sample Account 18,2026-02-04,2026-08-19,Closed Lost,237378
O00218,A019,A019,Sample Account 19,2026-04-15,2026-10-11,Closed Lost,154455
O00219,A020,A020,Sample Account 20,2025-11-29,2026-04-23,Closed Lost,108671
O00220,A021,A021,Sample Account 21,2025-08-07,2025-12-06,Negotiate,16763
O00221,A022,A022,Sample Account 22,2025-04-19,2025-07-23,Negotiate,106266
O00222,A023,A023,Sample Account 23,2025-12-21,2026-02-16,Closed Lost,222019
O00223,A024,A024,Sample Account 24,2026-03-10,2026-06-11,Closed Won,200804
O00224,A025,A025,Sample Account 25,2026-03-20,2026-09-06,Closed Lost,55558
O00225,A026,A026,Sample Account 26,2025-08-03,2025-10-26,Propose,146582
O00226,A027,A027,Sample Account 27,2026-01-23,2026-06-08,Negotiate,299203
O00227,A028,A028,Sample Account 28,2025-08-23,2025-11-16,Closed Won,121525
O00228,A029,A029,Sample Account 29,2025-08-17,2025-11-03,Negotiate,109051
O00229,A030,A030,Sample Account 30,2026-04-13,2026-08-21,Negotiate,184414
O00230,A031,A031,Sample Account 31,2025-03-13,2025-09-14,Negotiate,152810
O00231,A032,A032,Sample Account 32,2025-03-07,2025-08-05,Negotiate,77007
O00232,A033,A033,Sample Account 33,2025-06-17,2025-10-08,Closed Won,197530
O00233,A034,A034,Sample Account 34,2025-08-23,2025-10-12,Closed Lost,228982
O00234,A035,A035,Sample Account 35,2025-07-07,2025-08-18,Propose,266524
O00235,A036,A036,Sample Account 36,2025-08-04,2025-11-25,Closed Won,185104
O00236,A037,A037,Sample Account 37,2025-10-02,2026-03-30,Negotiate,299526
O00237,A038,A038,Sample Account 38,2025-06-01,2025-10-20,Propose,177792
O00238,A039,A039,Sample Account 39,2026-06-11,2026-08-04,Closed Lost,140273
O00239,A040,A040,Sample Account 40,2026-01-06,2026-07-21,Closed Won,128481
O00240,A001,A001,Sample Account 1,2026-06-17,2026-09-08,Closed Lost,22616
O00241,A002,A002,Sample Account 2,2025-06-09,2025-12-25,Closed Lost,73546
O00242,A003,A003,Sample Account 3,2025-11-30,2026-06-12,Propose,188787
O00243,A004,A004,Sample Account 4,2026-05-15,2026-10-09,Negotiate,35316
O00244,A005,A005,Sample Account 5,2025-06-07,2025-12-14,Closed Lost,227940
O00245,A006,A006,Sample Account 6,2025-11-21,2026-04-11,Closed Lost,28663
O00246,A007,A007,Sample Account 7,2026-02-28,2026-06-15,Closed Won,49834
O00247,A008,A008,Sample Account 8,2025-07-19,2025-11-05,Closed Won,259491
O00248,A009,A009,Sample Account 9,2025-05-16,2025-10-14,Closed Lost,55498
O00249,A010,A010,Sample Account 10,2025-11-20,2026-05-18,Closed Lost,202141
O00250,A011,A011,Sample Account 11,2025-05-04,2025-08-09,Closed Lost,180306
O00251,A012,A012,Sample Account 12,2025-10-27,2025-12-06,Propose,182177
O00252,A013,A013,Sample Account 13,2026-04-07,2026-08-06,Closed Lost,185284
O00253,A014,A014,Sample Account 14,2025-03-11,2025-08-03,Propose,110008
O00254,A015,A015,Sample Account 15,2025-06-10,2025-11-16,Closed Won,246406
O00255,A016,A016,Sample Account 16,2026-04-01,2026-06-17,Closed Won,181693
O00256,A017,A017,Sample Account 17,2026-07-04,2026-08-31,Closed Won,104848
O00257,A018,A018,Sample Account 18,2026-04-06,2026-09-16,Negotiate,194643
O00258,A019,A019,Sample Account 19,2026-02-14,2026-03-26,Propose,59663
O00259,A020,A020,Sample Account 20,2026-03-20,2026-08-25,Closed Won,160750
O00260,A021,A021,Sample Account 21,2026-06-21,2026-12-18,Propose,247684
O00261,A022,A022,Sample Account 22,2025-10-28,2026-01-25,Negotiate,162890
O00262,A023,A023,Sample Account 23,2026-04-22,2026-09-28,Closed Won,103331
O00263,A024,A024,Sample Account 24,2025-11-06,2026-01-10,Closed Won,112085
O00264,A025,A025,Sample Account 25,2026-05-14,2026-08-30,Propose,103678
O00265,A026,A026,Sample Account 26,2026-07-12,2026-08-17,Closed Won,282098
O00266,A027,A027,Sample Account 27,2026-02-24,2026-03-27,Closed Lost,13280
O00267,A028,A028,Sample Account 28,2025-11-25,2026-04-18,Propose,137711
O00268,A029,A029,Sample Account 29,2025-07-19,2025-08-15,Propose,146834
O00269,A030,A030,Sample Account 30,2025-11-26,2025-12-26,Negotiate,76661
O00270,A031,A031,Sample Account 31,2025-10-23,2026-01-04,Closed Lost,132463
O00271,A032,A032,Sample Account 32,2025-05-15,2025-06-11,Negotiate,73771
O00272,A033,A033,Sample Account 33,2025-11-05,2026-03-10,Negotiate,6719
O00273,A034,A034,Sample Account 34,2025-10-09,2026-02-13,Closed Won,270311
O00274,A035,A035,Sample Account 35,2025-04-23,2025-09-17,Closed Won,217442
O00275,A036,A036,Sample Account 36,2026-02-20,2026-04-15,Propose,262554
O00276,A037,A037,Sample Account 37,2025-05-29,2025-07-25,Propose,73923
O00277,A038,A038,Sample Account 38,2025-11-13,2026-03-20,Negotiate,144532
O00278,A039,A039,Sample Account 39,2025-04-13,2025-07-03,Closed Won,246053
O00279,A040,A040,Sample Account 40,2026-06-18,2026-12-20,Negotiate,56357
O00280,A001,A001,Sample Account 1,2026-05-30,2026-10-27,Closed Lost,276457
O00281,A002,A002,Sample Account 2,2025-06-19,2025-08-13,Closed Won,53381
O00282,A003,A003,Sample Account 3,2025-08-16,2025-11-03,Negotiate,124807
O00283,A004,A004,Sample Account 4,2025-05-03,2025-06-04,Propose,100047
O00284,A005,A005,Sample Account 5,2025-03-18,2025-04-30,Propose,258943
O00285,A006,A006,Sample Account 6,2026-05-20,2026-11-24,Closed Lost,218891
O00286,A007,A007,Sample Account 7,2025-08-02,2026-01-31,Closed Lost,80098
O00287,A008,A008,Sample Account 8,2025-12-10,2026-06-22,Propose,251539
O00288,A009,A009,Sample Account 9,2025-05-25,2025-06-24,Negotiate,296284
O00289,A010,A010,Sample Account 10,2026-04-27,2026-07-09,Negotiate,67031
O00290,A011,A011,Sample Account 11,2026-03-10,2026-05-22,Propose,60903
O00291,A012,A012,Sample Account 12,2025-04-30,2025-08-13,Closed Lost,29952
O00292,A013,A013,Sample Account 13,2026-01-30,2026-04-28,Closed Won,263949
O00293,A014,A014,Sample Account 14,2025-12-21,2026-04-27,Closed Won,72623
O00294,A015,A015,Sample Account 15,2025-08-16,2025-12-23,Propose,40096
O00295,A016,A016,Sample Account 16,2025-10-08,2025-12-28,Negotiate,276223
O00296,A017,A017,Sample Account 17,2025-09-17,2025-11-13,Propose,141961
O00297,A018,A018,Sample Account 18,2025-09-07,2025-12-12,Closed Won,236000
O00298,A019,A019,Sample Account 19,2025-03-09,2025-06-19,Closed Won,212205
O00299,A020,A020,Sample Account 20,2025-11-09,2026-03-23,Closed Lost,67871
O00300,A021,A021,Sample Account 21,2025-09-04,2025-10-03,Closed Lost,13049
O00301,A022,A022,Sample Account 22,2025-05-17,2025-06-19,Negotiate,248911
O00302,A023,A023,Sample Account 23,2026-02-08,2026-05-21,Closed Won,128309
O00303,A024,A024,Sample Account 24,2026-05-03,2026-11-10,Closed Lost,240044
O00304,A025,A025,Sample Account 25,2025-07-09,2026-01-23,Propose,237957
O00305,A026,A026,Sample Account 26,2025-09-15,2025-11-03,Closed Lost,102625
O00306,A027,A027,Sample Account 27,2026-04-13,2026-08-04,Closed Won,188250
O00307,A028,A028,Sample Account 28,2025-12-29,2026-07-17,Propose,81081
O00308,A029,A029,Sample Account 29,2026-07-09,2026-08-13,Propose,118107
O00309,A030,A030,Sample Account 30,2025-04-05,2025-08-16,Propose,73347
O00310,A031,A031,Sample Account 31,2025-04-21,2025-11-05,Closed Won,225693
O00311,A032,A032,Sample Account 32,2025-09-26,2025-12-18,Closed Won,125028
O00312,A033,A033,Sample Account 33,2025-10-12,2026-01-27,Closed Lost,175258
O00313,A034,A034,Sample Account 34,2025-04-16,2025-08-26,Closed Lost,276532
O00314,A035,A035,Sample Account 35,2025-08-17,2025-09-22,Negotiate,14922
O00315,A036,A036,Sample Account 36,2025-04-26,2025-07-19,Propose,96850
O00316,A037,A037,Sample Account 37,2026-01-21,2026-06-18,Negotiate,22781
O00317,A038,A038,Sample Account 38,2025-10-16,2025-12-06,Negotiate,298853
O00318,A039,A039,Sample Account 39,2025-06-14,2025-08-16,Negotiate,285916
O00319,A040,A040,Sample Account 40,2026-01-11,2026-03-10,Negotiate,138516
O00320,A001,A001,Sample Account 1,2026-06-11,2026-11-27,Negotiate,239179
O00321,A002,A002,Sample Account 2,2026-04-05,2026-06-03,Negotiate,142363
O00322,A003,A003,Sample Account 3,2026-02-23,2026-07-05,Closed Lost,91725
O00323,A004,A004,Sample Account 4,2025-12-26,2026-03-05,Propose,74046
O00324,A005,A005,Sample Account 5,2026-05-23,2026-08-05,Negotiate,95926
O00325,A006,A006,Sample Account 6,2025-09-19,2025-12-26,Propose,254083
O00326,A007,A007,Sample Account 7,2025-09-19,2025-11-17,Negotiate,30386
O00327,A008,A008,Sample Account 8,2025-10-04,2026-04-07,Negotiate,97435
O00328,A009,A009,Sample Account 9,2026-07-14,2026-12-15,Negotiate,113461
O00329,A010,A010,Sample Account 10,2025-09-12,2025-12-10,Closed Lost,72386
O00330,A011,A011,Sample Account 11,2026-05-28,2026-09-17,Propose,273876
O00331,A012,A012,Sample Account 12,2025-11-25,2026-05-16,Closed Lost,77028
O00332,A013,A013,Sample Account 13,2025-05-30,2025-11-30,Negotiate,289877
O00333,A014,A014,Sample Account 14,2025-07-14,2025-08-03,Propose,102755
O00334,A015,A015,Sample Account 15,2025-04-05,2025-06-30,Closed Won,115949
O00335,A016,A016,Sample Account 16,2025-04-25,2025-07-29,Propose,176339
O00336,A017,A017,Sample Account 17,2026-01-01,2026-03-25,Negotiate,151862
O00337,A018,A018,Sample Account 18,2026-04-08,2026-07-25,Closed Won,64516
O00338,A019,A019,Sample Account 19,2025-12-19,2026-01-19,Closed Won,91142
O00339,A020,A020,Sample Account 20,2025-12-15,2026-03-11,Closed Won,230284
O00340,A021,A021,Sample Account 21,2025-06-07,2025-08-27,Propose,290360
O00341,A022,A022,Sample Account 22,2026-03-21,2026-07-06,Propose,29106
O00342,A023,A023,Sample Account 23,2026-05-09,2026-08-15,Negotiate,66486
O00343,A024,A024,Sample Account 24,2025-09-20,2026-03-26,Negotiate,294943
O00344,A025,A025,Sample Account 25,2025-07-31,2025-09-14,Closed Lost,174844
O00345,A026,A026,Sample Account 26,2025-07-23,2025-10-21,Negotiate,50478
O00346,A027,A027,Sample Account 27,2025-06-28,2025-07-29,Closed Won,205207
O00347,A028,A028,Sample Account 28,2025-08-27,2026-02-10,Closed Lost,233592
O00348,A029,A029,Sample Account 29,2025-08-21,2025-11-17,Closed Lost,91301
O00349,A030,A030,Sample Account 30,2026-05-18,2026-11-15,Negotiate,99175
O00350,A031,A031,Sample Account 31,2025-12-21,2026-02-07,Closed Lost,21084
O00351,A032,A032,Sample Account 32,2025-07-02,2025-10-24,Propose,76211
O00352,A033,A033,Sample Account 33,2025-12-09,2026-04-15,Propose,91715
O00353,A034,A034,Sample Account 34,2025-03-22,2025-07-15,Closed Won,14679
O00354,A035,A035,Sample Account 35,2026-01-27,2026-05-08,Closed Lost,18457
O00355,A036,A036,Sample Account 36,2026-01-03,2026-02-07,Closed Lost,72541
O00356,A037,A037,Sample Account 37,2025-08-03,2025-11-06,Closed Won,270549
O00357,A038,A038,Sample Account 38,2026-02-15,2026-04-16,Propose,86418
O00358,A039,A039,Sample Account 39,2025-12-03,2026-06-09,Negotiate,172353
O00359,A040,A040,Sample Account 40,2025-05-29,2025-07-22,Propose,91354
O00360,A001,A001,Sample Account 1,2025-10-15,2026-02-15,Closed Lost,71532
O00361,A002,A002,Sample Account 2,2025-08-03,2025-11-29,Closed Lost,294100
O00362,A003,A003,Sample Account 3,2025-08-13,2026-01-21,Closed Lost,216680
O00363,A004,A004,Sample Account 4,2025-09-06,2025-10-18,Negotiate,244545
O00364,A005,A005,Sample Account 5,2026-05-17,2026-06-30,Closed Won,138893
O00365,A006,A006,Sample Account 6,2026-01-07,2026-02-20,Closed Lost,177132
O00366,A007,A007,Sample Account 7,2025-08-12,2025-12-14,Closed Won,287178
O00367,A008,A008,Sample Account 8,2025-04-20,2025-06-04,Closed Lost,225985
O00368,A009,A009,Sample Account 9,2026-04-12,2026-07-07,Negotiate,34045
O00369,A010,A010,Sample Account 10,2025-05-14,2025-08-12,Closed Won,199804
O00370,A011,A011,Sample Account 11,2025-08-25,2025-12-10,Closed Lost,244520
O00371,A012,A012,Sample Account 12,2025-10-22,2026-04-27,Closed Won,183112
O00372,A013,A013,Sample Account 13,2025-08-03,2025-11-13,Closed Won,169923
O00373,A014,A014,Sample Account 14,2026-05-26,2026-06-29,Negotiate,283204
O00374,A015,A015,Sample Account 15,2025-09-23,2026-04-06,Negotiate,295407
O00375,A016,A016,Sample Account 16,2025-12-10,2026-05-30,Negotiate,240619
O00376,A017,A017,Sample Account 17,2025-07-19,2025-09-12,Closed Won,164993
O00377,A018,A018,Sample Account 18,2026-01-16,2026-02-26,Closed Lost,230745
O00378,A019,A019,Sample Account 19,2025-03-21,2025-04-20,Negotiate,295445
O00379,A020,A020,Sample Account 20,2026-06-13,2026-11-18,Closed Lost,220092
O00380,A021,A021,Sample Account 21,2026-06-11,2026-11-20,Closed Won,74904
O00381,A022,A022,Sample Account 22,2026-06-14,2026-09-05,Closed Won,77750
O00382,A023,A023,Sample Account 23,2026-07-02,2027-01-10,Propose,5623
O00383,A024,A024,Sample Account 24,2026-06-20,2026-09-08,Closed Won,123164
O00384,A025,A025,Sample Account 25,2025-03-06,2025-05-25,Closed Lost,202873
O00385,A026,A026,Sample Account 26,2025-11-28,2026-01-25,Closed Lost,281551
O00386,A027,A027,Sample Account 27,2026-05-14,2026-10-28,Propose,256095
O00387,A028,A028,Sample Account 28,2026-04-19,2026-07-19,Closed Won,126665
O00388,A029,A029,Sample Account 29,2026-02-12,2026-05-23,Negotiate,298057
O00389,A030,A030,Sample Account 30,2026-03-10,2026-08-01,Closed Won,195762
O00390,A031,A031,Sample Account 31,2025-10-10,2025-12-01,Propose,72747
O00391,A032,A032,Sample Account 32,2025-12-14,2026-06-05,Negotiate,8781
O00392,A033,A033,Sample Account 33,2026-02-28,2026-09-16,Propose,294352
O00393,A034,A034,Sample Account 34,2026-05-10,2026-10-17,Closed Lost,9697
O00394,A035,A035,Sample Account 35,2025-08-20,2026-01-09,Propose,200508
O00395,A036,A036,Sample Account 36,2025-12-16,2026-01-12,Propose,28750
O00396,A037,A037,Sample Account 37,2026-06-12,2026-08-02,Propose,45025
O00397,A038,A038,Sample Account 38,2025-04-15,2025-09-27,Propose,173764
O00398,A039,A039,Sample Account 39,2025-06-28,2025-09-22,Propose,45982
O00399,A040,A040,Sample Account 40,2025-10-14,2026-03-20,Propose,166694
